resid,resname,wt_mean,mutant_mean,p_score
1,LEU,1.551595599,1.350126414,0.046234977
2,ARG,1.301758457,1.007387081,0.005581221
3,PRO,0.830271462,0.792616541,0.39620986
4,LEU,0.913980239,0.933450821,0.675762492
5,TYR,0.919560409,0.759272091,0.079072251
6,MET,0.945051342,0.8398271,0.007631391
7,ASP,0.940377116,0.809430725,0.128081749
8,VAL,0.887333329,0.812945971,0.197809174
9,GLN,1.00141732,0.778220773,0.017160268
10,ALA,0.804622036,0.695784801,0.045426046
11,THR,0.711645833,0.698267132,0.799887752
12,THR,0.639764338,0.659537368,0.663866983
13,PRO,0.708503603,0.688190202,0.620257072
14,LEU,0.793681792,0.698274476,0.003236072
15,ASP,0.72378829,0.659343335,0.132448026
16,PRO,0.794784477,0.688987262,0.014567683
17,ARG,0.804199569,0.77512417,0.241009642
18,VAL,0.712119737,0.644030838,0.028579072
19,LEU,0.831890657,0.730539319,0.005179956
20,ASP,0.755783635,0.684926674,0.057839906
21,ALA,0.791309322,0.694031437,0.017112807
22,MET,0.913403941,0.833664434,0.057461121
23,LEU,0.846806179,0.884419419,0.395449993
24,PRO,0.804690024,0.712932986,0.0408532
25,TYR,0.914910401,0.726618664,0.05165972
26,LEU,1.010243335,0.836257716,0.001420539
27,ILE,0.915326849,0.997497216,0.261719814
28,ASN,1.123157073,0.888609274,0.004947219
29,TYR,1.05964837,0.888091533,0.047307193
30,TYR,1.152216956,0.863214196,0.064437667
31,GLY,0.88516015,0.707697622,0.015686516
32,ASN,1.049976285,0.919619835,0.24391176
33,PRO,1.014601682,0.80106291,0.014028487
34,HIE,1.466098044,1.343941667,0.363740898
35,SER,1.492071737,1.041496757,0.009720693
36,ARG,2.002608367,1.680609979,0.118396147
37,THR,1.653094217,1.096925447,0.036993095
38,HIE,1.130456052,0.809057989,0.018399339
39,ALA,1.03156159,0.742212228,0.007218334
40,TYR,0.897421037,0.675004155,0.00022395
41,GLY,0.912100757,0.682806159,0.010795101
42,TRP,1.395137221,1.027912814,0.106746233
43,GLU,1.115864477,0.813073516,0.013086882
44,SER,0.839804535,0.703062976,0.015382804
45,GLU,1.245232765,1.156442963,0.205694025
46,ALA,0.891883725,0.75516166,0.040383302
47,ALA,0.776358283,0.693654011,0.090972402
48,MET,0.962907147,0.962603639,0.99612784
49,GLU,1.084147837,1.057728561,0.727838472
50,ARG,1.770334428,1.558886374,0.006127287
51,ALA,0.694372525,0.647022788,0.245442197
52,ARG,0.74394645,0.703796552,0.362501254
53,GLN,1.35951281,1.327528133,0.451889982
54,GLN,0.836332389,0.850491584,0.853004987
55,VAL,0.743614857,0.731808784,0.755755219
56,ALA,0.787162474,0.737853951,0.201458703
57,SER,0.946979525,0.874835766,0.071649378
58,LEU,0.850144545,0.77554798,0.086336638
59,ILE,0.813346171,0.774482477,0.2326835
60,GLY,0.887305995,0.824252244,0.126289348
61,ALA,0.833438137,0.787734132,0.264580672
62,ASP,1.068232338,0.999378477,0.197961137
63,PRO,0.917639191,0.869245501,0.45061807
64,ARG,1.478914306,1.354679605,0.457403104
65,GLU,1.062833242,0.988464122,0.221782825
66,ILE,0.816118913,0.790771247,0.606669141
67,ILE,0.796169143,0.808809619,0.757835644
68,PHE,0.685579052,0.661196543,0.510279652
69,THR,0.599923283,0.572628288,0.400560665
70,SER,0.697970467,0.70659418,0.856749247
71,GLY,0.609368191,0.582589147,0.416833204
72,ALA,0.591034724,0.565490229,0.417528852
73,THR,0.598174605,0.590761256,0.787573797
74,GLU,0.716129992,0.69836924,0.682149755
75,SER,0.600416757,0.578082092,0.495960246
76,ASN,0.674920711,0.658320225,0.588221361
77,ASN,0.676486546,0.683424515,0.831021893
78,ILE,0.718182024,0.708498015,0.757547932
79,ALA,0.712288401,0.763238445,0.114283773
80,ILE,0.74533576,0.747928721,0.925927008
81,LYS,1.01243119,1.000320022,0.816957849
82,GLY,0.754739769,0.752095275,0.942643485
83,VAL,0.812932674,0.870640561,0.156563563
84,ALA,0.895880025,0.91722245,0.645632644
85,ARG,1.492963067,1.57763484,0.559100261
86,PHE,1.028163337,1.174429604,0.136542119
87,TYR,1.161389187,1.383391257,0.231040176
88,ARG,1.871115144,2.367487527,0.014050093
89,SER,1.544081887,1.743852554,0.148828575
90,ARG,2.626559746,2.86028558,0.240390762
91,LYS,1.405038329,1.36228929,0.827869017
92,LYS,1.51413152,1.582713269,0.400705826
93,HIE,1.089218447,1.103618893,0.887856463
94,LEU,1.110422514,1.016703332,0.022802018
95,ILE,0.842034742,0.797504946,0.337356418
96,THR,0.782071114,0.729013394,0.138995891
97,THR,1.015118128,0.96927855,0.504503145
98,GLN,1.150942306,1.07860772,0.201616909
99,THR,0.81197902,0.740613225,0.098270842
100,GLU,0.914249562,0.832876573,0.298852485
101,HIE,0.804112665,0.670939391,0.015341481
102,LYS,1.051264252,1.016379203,0.68530631
103,CYS,0.833619406,0.742815905,0.20618638
104,VAL,0.73227549,0.6962886,0.485522722
105,LEU,0.888395722,0.904207333,0.782045199
106,ASP,0.993195009,1.048706869,0.545304905
107,SER,0.822502945,0.793565311,0.538891679
108,CYS,0.816808713,0.779010446,0.285387921
109,ARG,1.484341341,1.650851112,0.215872791
110,SER,1.039190027,1.014963566,0.630855178
111,LEU,0.965378869,1.012864335,0.369790236
112,GLU,1.482006717,1.787555682,0.048631374
113,ALA,1.591973317,1.744627507,0.274659448
114,GLU,1.603029092,1.589080084,0.870501944
115,GLY,1.205181324,1.254376095,0.475988205
116,PHE,1.155795424,1.132221619,0.679615538
117,GLN,1.686000938,1.583563547,0.015932701
118,VAL,0.985780759,0.930734468,0.140776431
119,THR,0.983076211,0.925743959,0.073092287
120,TYR,0.95404052,0.977245591,0.681155734
121,LEU,1.015641032,1.00113585,0.754555284
122,PRO,0.920506086,0.90230882,0.700778196
123,VAL,0.883886904,0.855825541,0.578960602
124,GLN,1.373864777,1.381122703,0.926514098
125,LYS,1.668936783,1.654056958,0.795339756
126,SER,0.984147,0.960869739,0.728357126
127,GLY,0.816340398,0.817323993,0.985138263
128,ILE,1.06834517,1.022541352,0.522730722
129,ILE,1.186713991,1.147430685,0.598117915
130,ASP,1.432523349,1.417532266,0.877172921
131,LEU,1.232051098,1.249588472,0.84441476
132,LYS,1.836268279,1.911550707,0.377785611
133,GLU,1.380724563,1.384759367,0.955780315
134,LEU,1.055901266,1.013276439,0.527524715
135,GLU,1.446834419,1.474095936,0.715838156
136,ALA,1.196911108,1.136187396,0.46618061
137,ALA,1.083255493,1.016095286,0.345755273
138,ILE,1.128779785,1.100877234,0.728367337
139,GLN,1.627001851,1.654211189,0.863592608
140,PRO,1.471020561,1.521194298,0.758410817
141,ASP,1.488139746,1.48354696,0.971337078
142,THR,0.988217254,0.9858183,0.966038147
143,SER,1.006575183,0.983490541,0.662085901
144,LEU,1.006013211,0.960664629,0.235283289
145,VAL,0.771323245,0.737159718,0.379033409
146,SER,0.777764586,0.737342181,0.387501077
147,VAL,0.956527933,0.865026369,0.163160086
148,MET,0.823567139,0.805389082,0.841107568
149,THR,0.731835923,0.721327165,0.811988975
150,VAL,0.724230343,0.719107466,0.893209756
151,ASN,0.723197664,0.670594612,0.158276243
152,ASN,0.843291658,0.791657374,0.546611806
153,GLU,1.067587808,0.91195704,0.043011531
154,ILE,0.762389584,0.767351327,0.929689121
155,GLY,0.679789329,0.656287456,0.46918509
156,VAL,0.830859437,0.829566816,0.975231501
157,LYS,1.209335702,1.194178141,0.727321554
158,GLN,0.85375429,0.789772549,0.324151199
159,PRO,0.875610031,0.878809036,0.956383939
160,ILE,0.962763076,0.898858275,0.34502435
161,ALA,0.978375554,1.04971269,0.156788448
162,GLU,1.252205302,1.331706325,0.175814415
163,ILE,0.848557199,0.846344114,0.957603627
164,GLY,0.908757819,0.921768886,0.70981654
165,ARG,1.702666967,1.827010809,0.068715892
166,ILE,1.01535196,1.049297525,0.389881596
167,CYS,0.950752267,0.912815424,0.317525299
168,SER,1.160733503,1.134919903,0.55126136
169,SER,1.2945962,1.270308749,0.769208213
170,ARG,1.536139499,1.685592227,0.034349595
171,LYS,1.787038289,1.790003547,0.954302238
172,VAL,1.059491483,1.023894309,0.379432719
173,TYR,1.004978528,0.976782606,0.620640256
174,PHE,0.806160321,0.765287936,0.306036746
175,HIE,0.688381209,0.699446994,0.751431203
176,THR,0.788630649,0.700887039,0.183707506
177,ASP,0.743116243,0.718841411,0.243064554
178,ALA,0.656161395,0.665936963,0.784594436
179,ALA,0.663878242,0.71157589,0.425068904
180,GLN,0.792355168,0.81220363,0.802284295
181,ALA,0.785036342,0.755290055,0.631186849
182,VAL,0.922006516,0.853787942,0.2687421
183,GLY,0.936724527,0.811291898,0.098814669
184,LYS,1.115403927,0.992710779,0.20750278
185,ILE,1.150682336,1.03000432,0.097071214
186,PRO,1.098165126,0.999448324,0.226915704
187,LEU,1.255587033,1.158339917,0.160747045
188,ASP,1.17082846,1.078266616,0.177211676
189,VAL,0.942394194,0.822777583,0.109326862
190,ASN,1.46947353,1.390073897,0.252825532
191,ASP,1.541433006,1.298869964,0.014959468
192,MET,1.36743977,1.160103273,0.013023994
193,LYS,1.455083717,1.41876168,0.480594107
194,ILE,0.961810361,0.882497813,0.134017518
195,ASP,0.777799419,0.815908886,0.400922715
196,LEU,0.766744186,0.785147142,0.65695917
197,MET,0.826131839,0.802955308,0.448728098
198,SER,0.682849986,0.637900533,0.271789544
199,ILE,0.844788867,0.790186074,0.28428932
200,SER,0.653482198,0.619991561,0.480477744
201,GLY,0.614121089,0.578114143,0.381584031
202,HIE,0.756635894,0.666061715,0.204183556
204,ILE,0.743499654,0.669587858,0.152352647
205,TYR,0.745534702,0.678200182,0.19326167
206,GLY,0.647065214,0.612513327,0.281810443
207,PRO,0.712516779,0.691834303,0.613798111
208,LYS,0.859356693,0.971343113,0.221797615
209,GLY,0.725614254,0.690011934,0.618632847
210,VAL,0.766460254,0.664137912,0.111661574
211,GLY,0.577158567,0.555388916,0.52765908
212,ALA,0.591621118,0.58140555,0.747471609
213,ILE,0.710668488,0.712128,0.964888767
214,TYR,0.740329202,0.710588068,0.441828882
215,ILE,0.833249991,0.853617854,0.705761316
216,ARG,1.149562382,1.18007533,0.794423489
217,ARG,1.491107596,1.609378348,0.328127954
218,ARG,1.646627133,1.573780253,0.480922426
219,PRO,1.144444037,1.245652331,0.288799548
220,ARG,1.44324638,1.486106387,0.774135607
221,VAL,1.027298394,1.079789972,0.35004099
222,ARG,1.236642989,1.309131525,0.503150664
223,VAL,1.000445697,1.020969031,0.674313878
224,GLU,1.251136372,1.352318094,0.30764981
225,ALA,0.970864467,0.990976789,0.8449833
226,LEU,1.052557217,1.108161166,0.649580488
227,GLN,0.841486055,0.850525267,0.925566163
228,SER,0.889869664,0.904434601,0.872509766
229,GLY,0.967125395,0.983074641,0.872669396
230,GLY,1.173013192,1.06479135,0.35827513
231,GLY,1.165135549,1.006850615,0.196741997
232,GLN,1.123586197,0.950867563,0.176694496
233,GLU,0.990366657,0.917166116,0.313681241
234,ARG,1.507642975,1.69276372,0.141626566
235,GLY,1.011017505,1.052016477,0.655133769
236,MET,1.233022586,1.291970247,0.325938271
237,ARG,0.765696604,0.766411862,0.991411359
238,SER,0.71980945,0.707293568,0.822653507
239,GLY,0.722401535,0.82335611,0.341009193
240,THR,0.798248155,0.88638626,0.334676482
241,VAL,0.94790577,0.971779594,0.767837132
242,PRO,0.801107333,0.749401391,0.233695348
243,THR,0.92438933,0.817857493,0.078966555
244,PRO,0.718799855,0.656325045,0.063641806
245,LEU,0.802504121,0.72093876,0.033813392
246,VAL,0.754873095,0.735271559,0.650984552
247,VAL,0.745028171,0.700682968,0.280938194
248,GLY,0.652747739,0.627804811,0.401369069
249,LEU,0.680151515,0.651438748,0.368982745
250,GLY,0.666445019,0.616940677,0.179203339
251,ALA,0.682475416,0.637573845,0.199949378
252,ALA,0.67344285,0.646124386,0.453295084
253,CYS,0.745587829,0.681324019,0.166711545
254,GLU,1.207579372,1.131807779,0.402817682
255,VAL,0.959019813,0.867545068,0.361025241
256,ALA,0.895486368,0.794998539,0.16395312
257,GLN,1.457573826,1.250533784,0.004966369
258,GLN,1.656022194,1.548722859,0.093297866
259,GLU,0.952021288,0.892495646,0.047561772
260,MET,1.165477236,0.947448722,0.010492838
261,GLU,1.647708104,1.438551736,0.087797171
262,TYR,1.012900241,0.900175409,0.034058141
263,ASP,1.128223095,0.955990993,0.053478166
264,HIE,1.681297361,1.562239045,0.355080277
265,LYS,1.65555775,1.568496737,0.314746793
266,ARG,1.28778001,1.178287888,0.25772526
267,ILE,1.134748662,1.001248468,0.186321422
268,SER,1.247239997,1.12940371,0.2065347
269,LYS,1.675036485,1.573744747,0.187077179
270,LEU,1.034492431,0.9358926,0.123845518
271,SER,0.994559104,0.959785796,0.533966505
272,GLU,1.73519807,1.664876334,0.542416329
273,ARG,1.540467361,1.559973584,0.858501659
274,LEU,0.986212357,0.934934453,0.14099659
275,ILE,1.101310424,1.026248449,0.138419704
276,GLN,1.520509659,1.530517399,0.879876906
277,ASN,1.157668666,1.173897521,0.654760577
278,ILE,0.992234815,0.996766613,0.884230795
279,MET,1.23520317,1.246120049,0.839285261
280,LYS,2.067252395,2.06557454,0.985148586
281,SER,1.195682369,1.186143717,0.835854627
282,LEU,1.135502035,1.093882526,0.348660809
283,PRO,1.092924194,0.998499118,0.257951524
284,ASP,1.170640155,1.094289371,0.322991649
285,VAL,1.055110037,0.976002013,0.108284459
286,VAL,0.993637,1.014148221,0.637227913
287,MET,1.089702938,1.12776721,0.414731812
288,ASN,0.813505939,0.822761685,0.780836674
289,GLY,0.979130628,1.049419552,0.400460472
290,ASP,1.145983984,1.164109485,0.789408673
291,PRO,1.244601252,1.303410994,0.265340243
292,LYS,1.76345705,1.653209077,0.154028513
293,HIE,1.193216359,1.17278524,0.716874651
294,HIE,1.081416932,1.075324383,0.959286569
295,TYR,0.996837467,0.882286501,0.052262734
296,PRO,0.953689148,0.876158239,0.114088898
297,GLY,0.933443311,0.801950131,0.061165616
298,CYS,0.888283259,0.790945172,0.090832071
299,ILE,0.857440181,0.823163358,0.411652297
300,ASN,0.733022135,0.690398242,0.336173985
301,LEU,0.87043388,0.839122401,0.516265834
302,SER,0.805209647,0.807453822,0.957854082
303,PHE,0.912925088,0.881662579,0.556603006
304,ALA,0.794400532,0.84582909,0.257281586
305,TYR,1.290221724,1.294830349,0.963552159
306,VAL,0.922417607,0.929591052,0.888838228
307,GLU,0.778195427,0.872202342,0.060181132
308,GLY,0.727514402,0.788026684,0.275518043
309,GLU,1.051796847,1.172940433,0.084394568
310,SER,0.783709265,0.869922694,0.073978263
311,LEU,0.79736505,0.880401937,0.040164553
312,LEU,0.88914698,1.036099263,0.016079125
313,MET,1.106676137,1.166577397,0.423461169
314,ALA,0.852718255,0.856831577,0.920580732
315,LEU,0.974332013,0.987235316,0.772609298
316,LYS,1.35385799,1.253474649,0.048336157
317,ASP,1.059135728,1.017251459,0.260998583
318,VAL,0.781036092,0.768809996,0.709265465
319,ALA,0.751205634,0.729292137,0.601105468
320,LEU,0.967003483,0.961890556,0.941921498
321,SER,0.928138115,0.969243446,0.684004802
322,SER,1.187170466,1.059797682,0.307315825
323,GLY,1.410510615,1.157878757,0.253488232
324,SER,1.454421684,1.248448247,0.354124013
325,ALA,1.890463301,1.345417253,0.054611318
326,CYS,1.726520375,1.390721013,0.124959037
327,THR,1.969773133,1.739356183,0.314899751
328,SER,2.017087922,1.835302524,0.310571231
329,ALA,1.899062969,1.772038388,0.550719809
330,SER,1.650459601,1.588407925,0.761638628
331,LEU,1.536866438,1.531464217,0.976119233
332,GLU,1.379811964,1.307065269,0.529157705
333,PRO,1.643299716,1.125251261,0.01171144
334,SER,1.126258828,1.050254442,0.571909041
335,TYR,0.863380073,0.802728858,0.441578904
336,VAL,0.842678176,0.817690767,0.632645934
337,LEU,1.060917213,0.916277365,0.032099333
338,ARG,1.923702882,1.649806123,0.044769049
339,ALA,1.036480241,0.88621864,0.028989248
340,ILE,1.079020918,0.950202024,0.077648708
341,GLY,1.102780721,0.975336969,0.053541464
342,THR,1.105764991,0.993924485,0.125633562
343,ASP,1.461070787,1.334019807,0.103069838
344,GLU,1.792288307,1.44940535,0.046510157
345,ASP,1.665665598,1.250022436,0.010876503
346,LEU,1.204907637,1.070318327,0.117733944
347,ALA,1.273087031,0.812293294,0.00140187
348,HIE,1.168774136,1.084770979,0.501709356
349,SER,0.913476591,0.823929594,0.491814087
350,SER,0.812880337,0.857991052,0.348668272
351,ILE,0.845411919,0.868559321,0.644500119
352,ARG,0.885868118,0.800644914,0.051877308
353,PHE,0.887572473,0.794737926,0.136315513
354,GLY,0.754865307,0.698469625,0.231589133
355,ILE,0.962679968,0.854656525,0.043570768
356,GLY,0.894103201,0.822834183,0.288730661
357,ARG,0.833747545,0.828103061,0.931069117
358,PHE,0.795611138,0.864762606,0.129143758
359,THR,0.823678186,0.748856907,0.096389448
360,THR,0.8154178,0.72444016,0.019893923
361,GLU,1.039906716,0.960590814,0.010745106
362,GLU,1.209262874,1.100644426,0.016605394
363,GLU,0.853838264,0.761005202,0.145986627
364,VAL,0.817161135,0.75892648,0.119074879
365,ASP,1.099225376,1.085224408,0.725605549
366,TYR,0.896891329,0.831706204,0.177859113
367,THR,0.738806306,0.685369717,0.015867058
368,VAL,0.807184286,0.734856714,0.014691012
369,GLU,1.213408209,1.140889585,0.019809608
370,LYS,1.045468964,0.968965194,0.046392375
371,CYS,0.846408592,0.823826567,0.285567763
372,ILE,0.940071691,0.942632899,0.949815831
373,GLN,1.501329204,1.481546835,0.528061658
374,HIE,0.853440511,0.877189471,0.44035779
375,VAL,0.741519769,0.765894307,0.272082573
376,LYS,1.352881826,1.381003102,0.388012379
377,ARG,1.797601535,1.72062136,0.387312833
378,LEU,0.871485792,0.881730869,0.799255425
379,ARG,0.886621469,0.851111437,0.525533664
380,GLU,1.238775092,1.28816931,0.292182986
381,MET,1.121530149,1.111292539,0.78853591
382,SER,0.909879053,0.99960257,0.219813717
383,PRO,1.003159521,1.093887301,0.310211652
384,LEU,1.614006458,1.679790189,0.771285628
385,TRP,1.89259728,2.13222115,0.508636011
386,GLU,2.325203988,2.285729944,0.874718174
387,MET,3.196017832,3.487970612,0.452260987
388,VAL,2.77502935,3.577253726,0.08096537
389,GLN,4.231312936,4.688836645,0.466206194
390,ASP,4.402487455,4.574057767,0.777298602
391,GLY,4.170534326,4.374596382,0.692935059
392,ILE,4.043003211,3.930032096,0.842221494
393,ASP,4.080044487,4.153668952,0.901498686
394,LEU,3.700792037,3.834829149,0.830338273
395,LYS,4.317968255,4.222112678,0.85319396
396,SER,3.525138327,3.538189411,0.975598393
397,ILE,2.716345318,2.771146324,0.867018892
398,LYS,3.333201081,3.442357209,0.752531184
399,TRP,2.156392455,2.099642269,0.861258719
400,THR,2.893487572,2.680581567,0.62351389
401,GLN,3.469069404,3.210707644,0.60464189
402,HIE,4.063489487,3.629864808,0.431884246
403,SER,4.523823874,4.075626426,0.391403174
404,ARG,3.816062447,3.32501247,0.318613121
405,ALA,2.525812001,2.034149697,0.100994411
406,GLN,2.734499505,2.368820673,0.134320105
407,VAL,1.806812477,1.639790908,0.012513683
408,LEU,1.87272686,1.750496125,0.04650899
409,ALA,1.552000739,1.455645434,0.098492123
410,LEU,1.516938003,1.401705222,0.05334402
411,TYR,1.460378994,1.275109034,0.132415018
412,ARG,2.228960771,2.225505517,0.9465576
413,ALA,1.150930985,1.083781712,0.17744102
414,MET,1.157063562,1.093909662,0.175005453
415,LEU,1.281196247,1.200969527,0.083133788
416,ARG,2.138569599,2.084584462,0.147655708
417,GLU,1.213530695,1.114786248,0.007662533
418,SER,0.96273226,0.877748406,0.036678869
419,LYS,1.526513595,1.458820136,0.11510965
420,ARG,1.806662212,1.721064452,0.198739508
421,PHE,1.062712236,0.901856834,0.007761323
422,SER,1.096421963,0.949870812,0.000135316
423,ALA,0.823773073,0.753563686,0.008788666
424,TYR,0.85073766,0.826813069,0.415501639
425,ASN,0.766735219,0.816722476,0.249639571
426,TYR,0.88829294,0.793539254,0.061007728
427,ARG,0.929399979,0.86811642,0.060451357
428,THR,0.815041988,0.766177362,0.145041758
429,TYR,0.808766225,0.762274362,0.275802615
430,ALA,0.834917332,0.761722548,0.05955037
431,VAL,1.041117632,0.975704754,0.135459436
432,ARG,1.456688268,1.354832993,0.230691061
433,ARG,0.973234756,0.903862811,0.119077446
434,ILE,1.141679423,1.061903658,0.289218437
435,ARG,1.666074163,1.805029809,0.389596382
436,ASP,1.341345591,1.505174507,0.251651865
437,ALA,1.353653142,1.344690948,0.93872583
438,PHE,2.246552741,2.113360911,0.363182746
439,ARG,2.57186345,2.575864302,0.980559517
440,GLU,2.228100884,2.236994326,0.953506754
441,ASN,2.817512124,2.642186136,0.554338867
442,LYS,3.751684746,3.430127781,0.258211834
443,ASN,3.632202562,3.325557055,0.100042772
444,VAL,2.93661881,2.574771987,0.047436521
445,LYS,3.476860381,3.132676174,0.023063692
446,ASP,3.033022677,2.848574614,0.15319523
447,PRO,2.88664117,2.693896947,0.121846499
448,VAL,2.805210678,2.637385398,0.163072854
449,GLU,2.706767469,2.483097508,0.055627863
450,ILE,2.310717816,2.148256559,0.09944383
451,GLN,2.437531944,2.334027433,0.246199983
452,THR,2.11390229,2.027157224,0.306165959
453,LEU,1.913125905,1.771419792,0.05427178
454,VAL,1.735605125,1.64206321,0.215721591
455,ASN,1.941500604,1.887532854,0.40856905
456,LYS,1.761282546,1.74405965,0.791098203
457,ALA,1.266319481,1.215717613,0.344353764
458,LYS,1.740702845,1.682502638,0.287336969
459,ARG,2.095421897,1.973487508,0.052207595
460,ASP,1.160115142,1.132372161,0.540560533
461,LEU,1.053898335,0.991467714,0.209179722
462,GLY,0.981896687,0.923088602,0.228460994
463,VAL,0.904509539,0.877415819,0.506445654
464,ILE,0.938736604,0.877660673,0.157873262
465,ARG,1.757105503,1.741558996,0.747884475
466,ARG,0.943675141,0.882731253,0.107955799
467,GLN,0.825463246,0.713041789,0.009764627
468,VAL,0.900124906,0.758684382,0.002859115
469,HIE,1.460830772,1.202964334,0.013798181
470,ILE,1.107641659,0.878769706,0.000508582
471,GLY,1.026082659,0.797740583,0.000268849
472,GLN,1.603130628,1.347933624,0.000122249
473,LEU,1.171485494,0.885323784,0.000196583
474,TYR,0.987891666,0.801831514,0.002940205
475,SER,1.535116106,1.281572866,0.05919341
476,THR,1.694277053,1.321520497,0.004484053
477,ASP,1.430337622,1.244108938,0.01375731
478,LYS,1.718201957,1.538077329,0.012189573
479,LEU,1.085031273,1.027120391,0.232583475
480,ILE,1.100464477,1.119221328,0.7814941
481,ILE,1.17811852,1.234174908,0.424867285
482,GLU,1.819677513,1.863769361,0.83429222
483,ASN,3.446037885,3.335750084,0.706761623
484,TYR,3.919247886,2.971379901,0.143181922
485,HIE,2.542558207,1.987831224,0.068823586
486,LYS,2.501228165,2.292649047,0.061410421
487,LYS,1.899028235,1.765070127,0.215691577
488,VAL,1.412010374,1.299975547,0.137346398
489,VAL,1.50517718,1.466177135,0.691239044
490,ASP,1.660592344,1.624523683,0.714044282
491,HIE,1.386491402,1.404337442,0.814950788
492,TYR,1.230220021,1.395356201,0.178746544
493,GLU,1.584369337,1.613445859,0.762480347
494,ASN,1.633111291,1.712794577,0.395266271
495,PRO,1.391744654,1.549911797,0.300884381
496,ARG,1.682366695,1.799579302,0.567159408
497,ASN,1.492407615,1.480874605,0.915892652
498,VAL,1.287922032,1.256113586,0.632213074
499,GLY,1.147490946,1.202068227,0.468134057
500,SER,1.404821039,1.481474552,0.320838641
501,LEU,1.593672124,1.682331538,0.341489385
502,ASP,2.41203482,2.53372136,0.387580955
503,LYS,3.454612078,3.553624855,0.722874767
504,THR,3.174385794,3.260094384,0.755044828
505,SER,2.596911528,2.71045758,0.457533773
506,LYS,2.935271467,3.07423577,0.425434694
507,ASN,2.079453076,2.15911553,0.651615065
508,VAL,1.660719404,1.756863191,0.428846928
509,GLY,1.391482746,1.471889363,0.49765997
510,THR,1.332933231,1.413897734,0.451332128
511,GLY,1.175245283,1.254271111,0.356137506
512,LEU,1.2532567,1.388926297,0.080454337
513,VAL,1.078190415,1.131710551,0.475971504
514,GLY,1.084355421,1.119350568,0.695308481
515,ALA,1.087797817,1.207265853,0.326370868
516,PRO,1.247745432,1.504260016,0.135812726
517,ALA,1.24807974,1.624697485,0.070222962
518,CYS,1.112005145,1.621229715,0.00752572
519,GLY,0.852954197,1.209948148,0.013621405
520,ASP,1.006419373,1.017750768,0.894982461
521,VAL,1.026079846,1.043503722,0.803392342
522,MET,1.011763736,1.158334327,0.073576648
523,LYS,1.178219852,1.248893113,0.327330146
524,LEU,1.13776754,1.20018686,0.439031422
525,GLN,1.285492772,1.342045877,0.547100648
526,ILE,1.39945697,1.438858637,0.722792717
527,GLN,1.713103677,1.792710911,0.561794444
528,VAL,1.770474473,1.834489408,0.665747344
529,ASP,2.141460698,2.205468553,0.72266439
530,GLU,2.798096718,2.835938297,0.81505726
531,LYS,2.834669637,2.935908608,0.564915074
532,GLY,2.019597128,2.059482152,0.798486945
533,LYS,2.238163949,2.316492303,0.617618826
534,ILE,1.657608727,1.685774018,0.829654419
535,VAL,1.785486272,1.823049581,0.796794493
536,ASP,1.587124259,1.643259763,0.632235664
537,ALA,1.300706344,1.322022181,0.83352598
538,ARG,1.44398388,1.517354413,0.444069477
539,PHE,0.998893468,1.018851072,0.709867136
540,LYS,1.021859484,1.077272543,0.309746415
541,THR,0.92716038,0.937923964,0.810941569
542,PHE,0.983643345,1.050350778,0.28706403
543,GLY,0.787812701,0.848346967,0.186300077
544,CYS,0.860172371,0.895282856,0.496035414
545,GLY,0.876448414,0.924740454,0.387510515
546,SER,0.941772321,0.966194401,0.646374483
547,ALA,0.822329146,0.849293379,0.571462165
548,ILE,0.896917383,0.917539068,0.690743916
549,ALA,0.994299995,0.986916832,0.898773207
550,SER,0.986111948,0.965940053,0.717339459
551,SER,0.976420799,0.99464542,0.759948136
552,SER,1.141977637,1.135666118,0.919261074
553,LEU,1.348090122,1.286434178,0.362025974
554,ALA,1.202484831,1.166702377,0.642093855
555,THR,1.197679979,1.199869742,0.978544104
556,GLU,1.607558461,1.584774675,0.806678103
557,TRP,1.949695023,1.64612136,0.138148649
558,VAL,1.541573842,1.497895193,0.685815764
559,LYS,1.862015338,1.870539338,0.936551451
560,GLY,1.878844195,1.889098437,0.942231602
561,LYS,1.88366264,1.865687952,0.898069087
562,THR,1.963093948,1.953482393,0.947723165
563,VAL,1.93503357,1.932285241,0.982979265
564,GLU,2.271373265,2.218664304,0.740620506
565,GLU,2.206409365,2.197937095,0.948479988
566,ALA,1.659956081,1.599632884,0.604109585
567,LEU,1.960290373,1.878378035,0.42624317
568,THR,2.051212284,1.95504657,0.405591806
569,ILE,1.68400921,1.556431533,0.324504683
570,LYS,2.013077487,1.941440925,0.494515348
571,ASN,1.387472455,1.334093589,0.543465554
572,THR,1.577562694,1.455150284,0.182732989
573,ASP,1.792309635,1.626321023,0.117764711
574,ILE,1.358793237,1.239394914,0.145970696
575,ALA,1.34516424,1.253095907,0.247068274
576,LYS,2.056947855,1.933929809,0.165613306
577,GLU,1.819351379,1.646676344,0.153028749
578,LEU,1.434840238,1.336832427,0.191718226
579,CYS,1.537313974,1.401378471,0.154205668
580,LEU,1.355182257,1.270883694,0.322878865
581,PRO,1.331333762,1.252664752,0.378527206
582,PRO,1.362448675,1.250925467,0.245039749
583,VAL,1.383724793,1.263435124,0.190573906
584,LYS,1.29550435,1.244899916,0.39564043
585,LEU,1.126704561,1.137030309,0.892973163
586,HIE,1.057317454,1.197778379,0.302042978
587,CYS,1.061951751,1.044860612,0.800248486
588,SER,1.143916336,1.091447252,0.463114648
589,ILE,1.364884948,1.232022769,0.160172131
590,LEU,1.207820971,1.149555034,0.476696427
591,ALA,1.076156149,1.02197115,0.373036396
592,GLU,1.375887674,1.342261025,0.593531956
593,ASP,1.35739577,1.381655816,0.738499967
594,ALA,1.08226795,1.085185865,0.967685157
595,ILE,1.263745131,1.259794559,0.960978333
596,LYS,1.558505645,1.602930708,0.562184746
597,ALA,1.279236582,1.315697045,0.692082666
598,ALA,1.310846868,1.350207737,0.700330247
599,LEU,1.563114731,1.580351194,0.872913864
600,ALA,1.575667841,1.629916088,0.637844411
601,ASP,1.539509494,1.634880828,0.447868938
602,TYR,1.858257647,1.895215819,0.788797293
603,LYS,2.771277027,2.431487233,0.059309926
604,LEU,3.000858855,2.420107553,0.076473199
605,LYS,4.410667767,3.015551666,0.02863171
606,GLN,5.676236454,4.672212999,0.117069047
607,LEU,1.404827675,1.394842894,0.916472753
608,ARG,1.141985673,0.942531035,0.071108234
609,PRO,0.819555824,0.784306032,0.34265286
610,LEU,0.943176545,0.920819139,0.697576619
611,TYR,0.876498389,0.858531773,0.851803286
612,MET,0.912340876,0.875676792,0.442509447
613,ASP,0.954103104,0.933614894,0.81381072
614,VAL,0.820111552,1.011646874,0.12885101
615,GLN,0.896134542,0.997998711,0.39005232
616,ALA,0.793326674,0.77112177,0.803531479
617,THR,0.701099863,0.693300309,0.916136547
618,THR,0.644499046,0.64881807,0.854971513
619,PRO,0.713976627,0.703949202,0.699682026
620,LEU,0.734289805,0.756338028,0.387144528
621,ASP,0.682297733,0.672296862,0.756379623
622,PRO,0.756438843,0.680310011,0.001622298
623,ARG,0.801978743,0.772041024,0.456271727
624,VAL,0.679528105,0.627851835,0.011361793
625,LEU,0.774328518,0.694239545,0.009804845
626,ASP,0.753034609,0.674521134,0.030698223
627,ALA,0.774262534,0.671635085,0.001450169
628,MET,0.902506887,0.827838103,0.00234745
629,LEU,0.88642862,0.763027373,0.006774137
630,PRO,0.810836826,0.668959642,0.001330991
631,TYR,0.866808522,0.708166969,0.001886264
632,LEU,1.032322859,0.801882545,5.77E-05
633,ILE,1.019154194,0.820322328,0.001205007
634,ASN,1.143768764,1.03083482,0.150299094
635,TYR,1.053624849,0.911214842,0.032631938
636,TYR,1.073239182,0.824298463,0.032841843
637,GLY,0.89091599,0.753976286,0.020555237
638,ASN,0.992894352,0.953429598,0.769623675
639,PRO,0.917390512,0.868309124,0.581166858
640,HIE,1.081419422,1.240074795,0.266187326
641,SER,1.163494071,1.222566798,0.604381068
642,ARG,1.631899366,1.845603336,0.169822118
643,THR,1.192705873,1.18551663,0.963743723
644,HIE,0.922446305,0.864033505,0.560488606
645,ALA,0.906778085,0.790037035,0.117890861
646,TYR,0.890057886,0.750977569,0.02642662
647,GLY,0.83834796,0.737192624,0.239657703
648,TRP,1.450400765,1.284937911,0.32945947
649,GLU,1.199665517,0.85318512,0.010563974
650,SER,0.873028953,0.723556467,0.095026845
651,GLU,1.264782327,1.0748593,0.080781403
652,ALA,0.876341846,0.730252822,0.067480364
653,ALA,0.765743431,0.680599379,0.15694276
654,MET,1.0011138,0.908218773,0.226733791
655,GLU,1.071082209,0.994985024,0.142606496
656,ARG,1.714203001,1.588382272,0.143228855
657,ALA,0.6657959,0.633333051,0.349802503
658,ARG,0.724900822,0.690009524,0.440622614
659,GLN,1.360540214,1.274676491,0.044061607
660,GLN,0.790908066,0.756878839,0.549531188
661,VAL,0.708480277,0.691827537,0.65061454
662,ALA,0.737804875,0.704451163,0.342921597
663,SER,0.885338393,0.861475833,0.49036323
664,LEU,0.787703857,0.774790234,0.671003569
665,ILE,0.804938665,0.793489069,0.760244153
666,GLY,0.850088719,0.824769974,0.431405276
667,ALA,0.80369983,0.77800717,0.473362307
668,ASP,1.025793184,0.960708862,0.285398853
669,PRO,0.866569732,0.844680809,0.646033973
670,ARG,1.398849435,1.424757575,0.864307247
671,GLU,0.997764053,0.976376063,0.783667124
672,ILE,0.78776827,0.77701174,0.814953641
673,ILE,0.85049676,0.815027628,0.403325418
674,PHE,0.724689221,0.632141458,0.016801555
675,THR,0.596232397,0.563450618,0.251303313
676,SER,0.755178265,0.671993842,0.199684628
677,GLY,0.619404502,0.565037426,0.051640274
678,ALA,0.594281332,0.563306692,0.227846475
679,THR,0.636301399,0.59781345,0.396542935
680,GLU,0.730057632,0.6861021,0.345564633
681,SER,0.599987856,0.568262527,0.241852907
682,ASN,0.668100931,0.63896536,0.379818398
683,ASN,0.709798354,0.701044533,0.834051591
684,ILE,0.727038543,0.688166318,0.312296959
685,ALA,0.757818372,0.744925113,0.734414125
686,ILE,0.808732651,0.779321279,0.497017579
687,LYS,1.094835903,1.063663375,0.590320897
688,GLY,0.843425533,0.78937164,0.269112857
689,VAL,0.901669161,0.873455725,0.606383045
690,ALA,0.970205317,0.982395336,0.877933186
691,ARG,1.492314001,1.552396088,0.686311586
692,PHE,1.154550761,1.146967639,0.945763439
693,TYR,1.342604824,1.250503033,0.477089083
694,ARG,2.198379919,2.219441623,0.923838223
695,SER,1.77156696,1.616191184,0.205698392
696,ARG,3.01616904,2.629355129,0.043485432
697,LYS,1.441679044,1.331975366,0.197325531
698,LYS,1.782928642,1.679648686,0.228043801
699,HIE,1.257555034,1.254964265,0.978359485
700,LEU,1.122851156,1.100877443,0.572507733
701,ILE,0.900235793,0.837051841,0.211978547
702,THR,0.829696995,0.785875822,0.457606012
703,THR,0.940003213,0.933100657,0.905738487
704,GLN,1.165781332,1.102362056,0.287718634
705,THR,0.770667008,0.785130525,0.762675045
706,GLU,0.897173702,0.903175988,0.935502106
707,HIE,0.882669256,0.844087683,0.646830252
708,LYS,1.163617624,1.100834884,0.55128212
709,CYS,0.882439671,0.832857966,0.597773139
710,VAL,0.788022576,0.771738323,0.763593984
711,LEU,1.026417367,1.035730464,0.906382182
712,ASP,1.003192977,1.053745981,0.497095686
713,SER,0.878600081,0.867044786,0.849654843
714,CYS,0.844727837,0.866902009,0.670269515
715,ARG,1.61448858,1.767421264,0.327714804
716,SER,1.038378293,1.145685551,0.039082498
717,LEU,1.05413788,1.117427117,0.3120615
718,GLU,1.710824644,1.918125026,0.356782519
719,ALA,1.543214401,1.745149292,0.245859558
720,GLU,1.521388777,1.667354497,0.132438052
721,GLY,1.287794371,1.315318465,0.75535868
722,PHE,1.244366677,1.246663002,0.968570433
723,GLN,1.689438023,1.727305482,0.396321816
724,VAL,1.110296312,1.012069777,0.110591935
725,THR,1.078652095,1.018110798,0.334258064
726,TYR,1.11828265,1.02623067,0.154159913
727,LEU,1.134564061,1.042062118,0.122546554
728,PRO,1.056863482,0.978947288,0.174193419
729,VAL,0.965127111,0.903097359,0.313435623
730,GLN,1.378352334,1.317629627,0.313990976
731,LYS,1.758665898,1.710249817,0.525935266
732,SER,1.073006544,1.009889581,0.38641928
733,GLY,0.920500441,0.868000668,0.394164628
734,ILE,1.064911167,1.043774488,0.781628619
735,ILE,1.208275343,1.189299149,0.771739599
736,ASP,1.405799452,1.377715589,0.715867094
737,LEU,1.248927924,1.132729438,0.168176914
738,LYS,1.891338558,1.791559565,0.11893789
739,GLU,1.402301928,1.317387615,0.213238209
740,LEU,1.101764506,0.967512232,0.058026832
741,GLU,1.508044468,1.421665042,0.249740482
742,ALA,1.213037249,1.131118315,0.23604364
743,ALA,1.097950883,1.020177583,0.220339503
744,ILE,1.186176599,1.107915534,0.335018765
745,GLN,1.778632428,1.751487084,0.80959862
746,PRO,1.541843842,1.573252265,0.846919941
747,ASP,1.539648948,1.541098925,0.989318537
748,THR,1.057921522,0.993173588,0.298800631
749,SER,1.080500443,1.021298429,0.365413477
750,LEU,1.051464877,0.987566604,0.122301091
751,VAL,0.832923973,0.747077702,0.047423126
752,SER,0.766045508,0.742595113,0.604934497
753,VAL,0.883326291,0.910431681,0.672041838
754,MET,0.789616326,0.799863055,0.875691813
755,THR,0.728999943,0.711482325,0.68558776
756,VAL,0.744253267,0.757372375,0.771695405
757,ASN,0.754786404,0.749298141,0.920056668
758,ASN,0.853356487,0.966950613,0.403400889
759,GLU,0.971794155,0.96237269,0.893651486
760,ILE,0.787852341,0.798135127,0.857356356
761,GLY,0.714918198,0.748826385,0.495811432
762,VAL,0.904286585,0.880275943,0.594536301
763,LYS,1.241972859,1.203133692,0.366879338
764,GLN,0.869959796,0.815903578,0.37775986
765,PRO,0.9559672,0.830877372,0.102342601
766,ILE,1.094418186,1.017035303,0.426124994
767,ALA,1.140750941,0.952540568,0.003745777
768,GLU,1.384058648,1.21702681,0.021420195
769,ILE,0.935809781,0.799552533,0.022473548
770,GLY,1.03406095,0.862024787,0.001963519
771,ARG,1.802161647,1.723993951,0.363581109
772,ILE,1.10690361,0.997008837,0.069713094
773,CYS,1.038311568,0.89361875,0.01029015
774,SER,1.281260567,1.118067193,0.01444501
775,SER,1.408213773,1.220180174,0.016863101
776,ARG,1.660567379,1.63884188,0.811908859
777,LYS,1.800512425,1.794827527,0.934521775
778,VAL,1.119856177,1.057464242,0.234315287
779,TYR,1.025721667,1.012703567,0.827492776
780,PHE,0.870034743,0.778829668,0.082921896
781,HIE,0.704350072,0.677914014,0.417951874
782,THR,0.702796771,0.717239496,0.81935341
783,ASP,0.782833048,0.74605283,0.453318605
784,ALA,0.719157974,0.671312728,0.300146878
785,ALA,0.712897382,0.722293246,0.899831661
786,GLN,0.889476609,0.919181759,0.801591133
787,ALA,0.808552242,0.805334472,0.964847147
788,VAL,0.899151192,0.944781887,0.529331571
789,GLY,0.865795258,0.893748527,0.722406459
790,LYS,0.998981119,1.102942809,0.250522074
791,ILE,1.104921071,1.111369665,0.949355693
792,PRO,1.088128364,1.058745386,0.79995649
793,LEU,1.218468164,1.174148135,0.557574603
794,ASP,1.142521841,1.112499101,0.786571966
795,VAL,0.980598018,0.871038366,0.405355242
796,ASN,1.529401509,1.468385879,0.655317979
797,ASP,1.41454736,1.525119676,0.515487166
798,MET,1.286388782,1.369717555,0.467090152
799,LYS,1.488247435,1.363278683,0.09516675
800,ILE,0.912036815,0.968238148,0.455468911
801,ASP,0.815283197,0.77006788,0.330356434
802,LEU,0.799732576,0.759278417,0.296134515
803,MET,0.810466567,0.777643656,0.258290136
804,SER,0.617846716,0.614653144,0.910283288
805,ILE,0.827867941,0.787360637,0.231773419
806,SER,0.613563134,0.620850247,0.69336218
807,GLY,0.586963728,0.572707631,0.407755311
808,HIE,0.688494519,0.68999672,0.966820317
810,ILE,0.664585147,0.73483041,0.197706597
811,TYR,0.722098469,0.725784173,0.910599299
812,GLY,0.642679849,0.632004137,0.715080785
813,PRO,0.761680919,0.680964409,0.029734982
814,LYS,0.940155049,0.862262968,0.313787496
815,GLY,0.776862845,0.758973099,0.8416206
816,VAL,0.697582283,0.676219168,0.593535115
817,GLY,0.551956447,0.546883262,0.834736396
818,ALA,0.577355394,0.564559332,0.636709237
819,ILE,0.70632327,0.678166137,0.336724179
820,TYR,0.715019364,0.689783466,0.521234519
821,ILE,0.809193838,0.784760868,0.67587397
822,ARG,1.099832051,1.009751587,0.38139275
823,ARG,1.339978964,1.443035426,0.579087286
824,ARG,1.443844518,1.637581266,0.325452445
825,PRO,1.117286896,1.183715216,0.591922343
826,ARG,1.407948384,1.659328338,0.10664672
827,VAL,1.062252808,1.038284898,0.829611068
828,ARG,1.292243951,1.218027716,0.652251099
829,VAL,1.130216896,1.046601347,0.501622368
830,GLU,1.483785859,1.384690741,0.33182706
831,ALA,1.111959761,1.045167863,0.554142992
832,LEU,1.109807704,1.144212743,0.789589364
833,GLN,0.866981728,0.962855794,0.105436218
834,SER,0.828070907,0.854950567,0.626978497
835,GLY,0.988476017,0.955591001,0.738721741
836,GLY,1.150437169,0.997448676,0.185995147
837,GLY,1.09818561,0.932729432,0.076599311
838,GLN,1.175287641,0.910718264,0.012552077
839,GLU,0.949821466,0.828030565,0.048703559
840,ARG,1.512869553,1.551087711,0.760089241
841,GLY,0.961471264,0.861148973,0.060838893
842,MET,1.114252683,1.025324224,0.202405887
843,ARG,0.743952325,0.75487559,0.828012718
844,SER,0.781109208,0.787965729,0.923849774
845,GLY,0.735855689,0.723738306,0.840877424
846,THR,0.796059297,0.839474798,0.653218028
847,VAL,0.886303632,0.905179524,0.830740859
848,PRO,0.775495654,0.77714264,0.974608385
849,THR,0.90277585,0.833207925,0.298861055
850,PRO,0.684922098,0.658097244,0.414471007
851,LEU,0.755027776,0.752460764,0.929567915
852,VAL,0.798295619,0.658086908,0.008265687
853,VAL,0.760593015,0.648467593,0.022149613
854,GLY,0.652859909,0.591895225,0.052142486
855,LEU,0.647465209,0.616634888,0.268791709
856,GLY,0.634854362,0.587158421,0.148783541
857,ALA,0.655336789,0.605370394,0.127395984
858,ALA,0.647683875,0.601833775,0.147585283
859,CYS,0.672480736,0.650843648,0.436969812
860,GLU,1.113279409,1.124186463,0.708209885
861,VAL,0.87608646,0.85916903,0.695462963
862,ALA,0.797694842,0.788203624,0.753790386
863,GLN,1.295921717,1.358304581,0.305131045
864,GLN,1.611617782,1.584968892,0.545378541
865,GLU,0.931792185,0.916183773,0.74928588
866,MET,1.040187912,1.087503926,0.468089594
867,GLU,1.52432342,1.740662596,0.02517904
868,TYR,1.020460166,1.026031839,0.964861089
869,ASP,0.987853589,0.983568755,0.942638142
870,HIE,1.563939572,1.60249917,0.763907507
871,LYS,1.578773423,1.674836167,0.099839931
872,ARG,1.211863629,1.186550746,0.838490923
873,ILE,1.06821712,1.109400485,0.630055407
874,SER,1.215113563,1.282237278,0.513630848
875,LYS,1.670272352,1.783917274,0.297399594
876,LEU,0.981239068,1.10226732,0.144274958
877,SER,1.005488077,1.030726757,0.756416679
878,GLU,1.715698628,1.851976088,0.26644285
879,ARG,1.489665518,1.666325524,0.291965779
880,LEU,1.020136091,1.005904544,0.840290383
881,ILE,1.13752027,1.12288325,0.850067147
882,GLN,1.556795979,1.653872766,0.368021534
883,ASN,1.230745713,1.250728011,0.798118954
884,ILE,1.039356556,1.062951303,0.724983721
885,MET,1.301655742,1.327202325,0.768849571
886,LYS,2.07322321,2.119404837,0.710740393
887,SER,1.237710581,1.239851607,0.979244972
888,LEU,1.142227482,1.163353186,0.725697216
889,PRO,1.089669762,1.070744139,0.856608633
890,ASP,1.118879824,1.147502232,0.697720314
891,VAL,1.054251692,1.065557105,0.849513987
892,VAL,1.019176373,1.052266549,0.571770899
893,MET,1.174451932,1.218354205,0.532286715
894,ASN,0.84563521,0.835841434,0.838710666
895,GLY,1.069993322,1.047283073,0.804910469
896,ASP,1.224707896,1.203413538,0.766871829
897,PRO,1.328887399,1.298925678,0.68244221
898,LYS,1.591676726,1.756712868,0.119385368
899,HIE,1.244308233,1.217119153,0.759703593
900,HIE,1.036907547,1.089936145,0.596938722
901,TYR,1.102000635,1.102789996,0.993184025
902,PRO,1.017235435,0.918520526,0.142625942
903,GLY,0.931439606,0.782525478,0.009668088
904,CYS,0.870893589,0.804776857,0.257652853
905,ILE,0.906320629,0.84238728,0.303636726
906,ASN,0.727161766,0.674991238,0.285069234
907,LEU,0.920303123,0.905132279,0.799476729
908,SER,0.806496795,0.787388823,0.776313632
909,PHE,1.012999807,0.975977781,0.683303638
910,ALA,0.817582627,0.880159206,0.333892131
911,TYR,1.349808874,1.386194557,0.763854598
912,VAL,0.870761321,0.964853912,0.185304828
913,GLU,0.814679229,0.854603844,0.497043208
914,GLY,0.715405278,0.745706544,0.461738052
915,GLU,1.069399499,1.077617258,0.895082516
916,SER,0.792418988,0.822289045,0.497294034
917,LEU,0.828969036,0.815875709,0.787310896
918,LEU,0.954034182,0.928394608,0.737370192
919,MET,1.020916108,1.072579461,0.314034746
920,ALA,0.867722367,0.833874819,0.441747992
921,LEU,0.980325966,0.945160888,0.517554261
922,LYS,1.359371852,1.314775558,0.492992131
923,ASP,1.022674919,1.045137338,0.68517435
924,VAL,0.773207778,0.760554501,0.798629075
925,ALA,0.741331916,0.703550981,0.396945198
926,LEU,0.986439217,0.907396254,0.144744264
927,SER,0.85422838,0.793780455,0.416102461
928,SER,1.157385824,1.064676188,0.338854097
929,GLY,1.345241679,1.274115169,0.757638426
930,SER,1.685465481,1.406677222,0.265681058
931,ALA,2.058193038,1.656354753,0.191838265
932,CYS,1.937604666,1.76022801,0.567411289
933,THR,2.168377694,2.047562535,0.751099169
934,SER,2.188632695,1.911472218,0.393682515
935,ALA,1.639990508,1.380089082,0.204589889
936,SER,1.673476562,1.394954637,0.170095589
937,LEU,1.625851947,1.409812031,0.345881514
938,GLU,1.698690107,1.518318637,0.282902421
939,PRO,1.700432656,1.487960273,0.366424925
940,SER,1.171016807,1.094979376,0.43365485
941,TYR,1.130463928,0.923171413,0.219710289
942,VAL,0.901151925,0.8610946,0.546115101
943,LEU,1.068890996,0.930132751,0.088495956
944,ARG,1.982575642,1.765043796,0.259788268
945,ALA,1.020651124,0.950079103,0.384525543
946,ILE,1.067282526,1.031746462,0.624435086
947,GLY,1.109297048,1.013422806,0.204029624
948,THR,1.168103574,0.949659004,0.018371553
949,ASP,1.492241121,1.301313659,0.029174162
950,GLU,1.798683825,1.41997448,0.024468023
951,ASP,1.480531551,1.275211271,0.132178208
952,LEU,1.092151806,1.037612132,0.334585346
953,ALA,1.029515057,0.845200825,0.096907721
954,HIE,1.117570425,0.952806843,0.1038856
955,SER,0.880709353,0.863146092,0.82262578
956,SER,0.864557439,0.793358795,0.175915888
957,ILE,0.8656529,0.857604597,0.908562117
958,ARG,0.889877693,0.777542159,0.054043783
959,PHE,0.933929773,0.842994193,0.268262555
960,GLY,0.75891547,0.765928212,0.882870944
961,ILE,0.972666957,0.94079662,0.498408099
962,GLY,0.861180907,0.838172205,0.671932742
963,ARG,0.876087208,0.859898889,0.827033082
964,PHE,0.859496729,0.903089686,0.500770597
965,THR,0.829302221,0.788885205,0.530341435
966,THR,0.824203092,0.755627581,0.299223797
967,GLU,0.998033113,0.954440568,0.524745911
968,GLU,1.127443792,1.067298541,0.445263926
969,GLU,0.885677733,0.836872058,0.521815293
970,VAL,0.794592851,0.800081476,0.934459013
971,ASP,1.050776853,1.058143389,0.921770524
972,TYR,0.931190245,0.883171558,0.454763026
973,THR,0.753352899,0.747820686,0.904171496
974,VAL,0.814751377,0.789742373,0.654116682
975,GLU,1.24473995,1.25215226,0.905893547
976,LYS,1.059634956,1.082682989,0.65698574
977,CYS,0.878791352,0.878760822,0.999510187
978,ILE,1.005116057,0.979191726,0.713778266
979,GLN,1.509249554,1.530510125,0.671270001
980,HIE,0.870302237,0.894756069,0.649751265
981,VAL,0.765183338,0.776883131,0.792601976
982,LYS,1.370680248,1.403293644,0.469068341
983,ARG,1.793015761,1.836721407,0.687987767
984,LEU,0.867073278,0.956431014,0.175869801
985,ARG,0.853321995,0.869980509,0.808691766
986,GLU,1.23539064,1.266308526,0.687988837
987,MET,1.157851643,1.115974662,0.53651586
988,SER,0.9751382,0.955358011,0.824185457
989,PRO,1.060595077,1.009121878,0.506423161
990,LEU,1.540798641,1.574578787,0.853064967
991,TRP,1.771583343,1.927624749,0.731958449
992,GLU,2.099775899,2.486415079,0.246688695
993,MET,2.919077566,3.548375613,0.204629769
994,VAL,2.813758956,3.02099544,0.709355842
995,GLN,4.042837124,4.534760052,0.524129203
996,ASP,4.165682466,4.907433468,0.333142414
997,GLY,4.298832849,4.449171357,0.850176435
998,ILE,4.206253851,4.045527701,0.84043406
999,ASP,4.315049287,3.72627026,0.424858458
1000,LEU,4.002459281,3.516616634,0.50446833
1001,LYS,4.450949367,3.951878907,0.377753138
1002,SER,3.581008334,3.532614783,0.909667837
1003,ILE,2.598202826,3.052893334,0.27983014
1004,LYS,3.311941256,3.820699417,0.340000174
1005,TRP,2.065134056,2.477693033,0.361097615
1006,THR,2.860036942,2.925294439,0.894819395
1007,GLN,3.899832758,4.012314343,0.847170371
1008,HIE,4.903483529,4.535291991,0.609743829
1009,SER,4.940706153,4.939345158,0.997933381
1010,ARG,4.250311192,4.231745048,0.969513195
1011,ALA,2.755330797,2.678906728,0.829844382
1012,GLN,2.903745082,2.81433598,0.665050213
1013,VAL,2.009945687,1.804836481,0.152640773
1014,LEU,2.062336464,1.845868502,0.074692376
1015,ALA,1.689037488,1.533657759,0.140710149
1016,LEU,1.681282343,1.4932262,0.073849984
1017,TYR,1.562046393,1.336067975,0.079668104
1018,ARG,2.335573846,2.211620894,0.151147793
1019,ALA,1.205847324,1.103280243,0.102779581
1020,MET,1.262911327,1.098828341,0.040368424
1021,LEU,1.376910695,1.230056662,0.122742867
1022,ARG,2.165305795,2.097129912,0.18253835
1023,GLU,1.208970517,1.121763852,0.034294873
1024,SER,1.004859028,0.877527963,0.038256894
1025,LYS,1.602976592,1.446502972,0.054572758
1026,ARG,1.794565868,1.724284589,0.277007001
1027,PHE,0.975104647,0.878000874,0.148254793
1028,SER,1.057934099,0.977799905,0.134092499
1029,ALA,0.81946109,0.803317718,0.728727786
1030,TYR,0.914937885,0.973868144,0.628496788
1031,ASN,0.933742479,0.94338387,0.91462112
1032,TYR,0.893390405,0.925158056,0.592403447
1033,ARG,1.012535756,0.915678692,0.135334046
1034,THR,0.856874243,0.764112338,0.153729301
1035,TYR,0.867832816,0.757218049,0.139161561
1036,ALA,0.872856585,0.750845461,0.038970069
1037,VAL,1.044421516,0.938550883,0.114071223
1038,ARG,1.3964344,1.350582068,0.762602185
1039,ARG,0.974133319,0.968895491,0.941868781
1040,ILE,1.227799903,1.101440018,0.123141876
1041,ARG,1.698650271,1.564292315,0.412285681
1042,ASP,1.409899719,1.326148708,0.626324649
1043,ALA,1.399385494,1.301665,0.456751124
1044,PHE,2.227833288,2.096759536,0.446951278
1045,ARG,2.691996174,2.619742697,0.714426984
1046,GLU,2.358766913,2.410578947,0.831330087
1047,ASN,2.610797622,2.754681204,0.648692315
1048,LYS,3.461669688,3.424548944,0.853197905
1049,ASN,3.57220367,3.563234807,0.964770572
1050,VAL,2.910145525,3.139548943,0.30968454
1051,LYS,3.360204333,3.743728737,0.106434992
1052,ASP,3.059405852,3.344285555,0.222273788
1053,PRO,2.916840281,3.216689397,0.175209448
1054,VAL,2.830279894,3.122407698,0.141884614
1055,GLU,2.733959876,2.904403721,0.322033703
1056,ILE,2.403371796,2.510201758,0.576808164
1057,GLN,2.538777624,2.710406283,0.289460975
1058,THR,2.21723087,2.331601752,0.466844176
1059,LEU,2.01372377,1.987702459,0.854250513
1060,VAL,1.85972279,1.853599896,0.966584238
1061,ASN,2.040884506,2.097654471,0.644488644
1062,LYS,1.910659631,1.800233278,0.226316819
1063,ALA,1.362429253,1.288832102,0.442579703
1064,LYS,1.832252985,1.852987801,0.815406724
1065,ARG,2.066404763,2.148062412,0.168505863
1066,ASP,1.21570606,1.161208612,0.340540963
1067,LEU,1.079284358,1.012258461,0.218351403
1068,GLY,0.973288744,0.954025016,0.71383337
1069,VAL,0.908091548,0.881577473,0.604639103
1070,ILE,0.915529109,0.874881088,0.298501524
1071,ARG,1.654243629,1.704983442,0.430840545
1072,ARG,0.932755693,0.93948039,0.880114935
1073,GLN,0.747335602,0.695311539,0.0855012
1074,VAL,0.79939133,0.786538086,0.739330529
1075,HIE,1.320250369,1.223856942,0.094890612
1076,ILE,1.014182443,0.95036783,0.29716607
1077,GLY,0.906680498,0.845923802,0.180460308
1078,GLN,1.506456273,1.373045604,0.028472356
1079,LEU,1.084077656,0.907137002,0.009034704
1080,TYR,0.912984657,0.956445112,0.761344565
1081,SER,1.46792052,1.351034987,0.350876248
1082,THR,1.63161096,1.539566582,0.493713346
1083,ASP,1.416550417,1.428362747,0.892480779
1084,LYS,1.575184444,1.64725065,0.511852415
1085,LEU,1.081972146,1.089204959,0.903984701
1086,ILE,1.128390456,1.086557676,0.637100307
1087,ILE,1.147480705,1.164908466,0.866502309
1088,GLU,1.581895159,1.857887493,0.273847516
1089,ASN,3.121525966,3.496475745,0.236545782
1090,TYR,2.82366009,3.793579492,0.18860549
1091,HIE,2.097787977,2.485350743,0.417392386
1092,LYS,2.434671585,2.353783572,0.709596918
1093,LYS,1.913352532,1.784923196,0.355859693
1094,VAL,1.293929393,1.338196208,0.67259634
1095,VAL,1.442540363,1.448691543,0.954833399
1096,ASP,1.609224028,1.678489077,0.562359799
1097,HIE,1.359612577,1.439055285,0.482617011
1098,TYR,1.239793281,1.309964443,0.621938404
1099,GLU,1.576028654,1.601912398,0.774417685
1100,ASN,1.727717918,1.778535183,0.692288982
1101,PRO,1.487579281,1.547278106,0.72330971
1102,ARG,1.853698328,1.969229699,0.651191104
1103,ASN,1.614786301,1.476158526,0.278337455
1104,VAL,1.344710606,1.293196152,0.624921273
1105,GLY,1.238988007,1.181270921,0.579853933
1106,SER,1.54316027,1.428694193,0.320792591
1107,LEU,1.760682899,1.572655956,0.166669062
1108,ASP,2.486110429,2.30925108,0.295092498
1109,LYS,3.365278399,3.057669506,0.150132206
1110,THR,3.180733742,3.074540612,0.6692369
1111,SER,2.803967633,2.662118226,0.536250952
1112,LYS,3.040857628,2.833212712,0.292599544
1113,ASN,2.155797919,2.035014139,0.478359184
1114,VAL,1.75284537,1.598962655,0.23664747
1115,GLY,1.483371324,1.405494174,0.540887455
1116,THR,1.423536074,1.347665359,0.495105845
1117,GLY,1.230303563,1.186488758,0.66277983
1118,LEU,1.347014692,1.333398312,0.902532851
1119,VAL,1.130623037,1.168043549,0.737990731
1120,GLY,1.132684661,1.095185806,0.728162427
1121,ALA,1.222271417,1.336519818,0.474976455
1122,PRO,1.353139699,1.582499803,0.196855
1123,ALA,1.418737488,1.663495422,0.248154239
1124,CYS,1.44017637,1.595065533,0.442180973
1125,GLY,1.099920614,1.113388068,0.874119772
1126,ASP,1.060898124,1.102172664,0.628508554
1127,VAL,1.044446489,1.068866379,0.785769907
1128,MET,1.142404151,1.22275945,0.375876682
1129,LYS,1.2382916,1.22563972,0.884601966
1130,LEU,1.214979901,1.214272265,0.994159335
1131,GLN,1.381635862,1.284635606,0.386902286
1132,ILE,1.45597393,1.420457397,0.793122786
1133,GLN,1.822477244,1.769751609,0.721121526
1134,VAL,1.849095258,1.819912931,0.861096843
1135,ASP,2.286751616,2.206937761,0.656577516
1136,GLU,2.985112671,2.872129311,0.543176048
1137,LYS,2.968969467,2.891081222,0.699267907
1138,GLY,2.069772651,2.082100285,0.947543798
1139,LYS,2.300626562,2.343086193,0.832438214
1140,ILE,1.718159598,1.713809805,0.979156408
1141,VAL,1.902794312,1.883411282,0.910897721
1142,ASP,1.709450657,1.657127644,0.717908014
1143,ALA,1.375194361,1.338945012,0.786395831
1144,ARG,1.56913622,1.514203119,0.657190799
1145,PHE,1.07352274,1.045467164,0.749080272
1146,LYS,1.084955033,1.073718144,0.889025414
1147,THR,0.962214681,0.970646412,0.906468443
1148,PHE,1.011918479,1.031134563,0.846648902
1149,GLY,0.79915863,0.838616039,0.490758339
1150,CYS,0.830095185,0.884103101,0.355191871
1151,GLY,0.872172607,0.936473086,0.334546851
1152,SER,0.919003676,0.966478277,0.53060972
1153,ALA,0.823465097,0.882225579,0.450103687
1154,ILE,0.913488681,0.957830355,0.535493363
1155,ALA,0.992605948,1.034792505,0.634616581
1156,SER,0.975978938,1.037770269,0.536405577
1157,SER,1.000733562,1.050871067,0.594349962
1158,SER,1.157181391,1.188593,0.758451736
1159,LEU,1.365717131,1.338660073,0.824295312
1160,ALA,1.224453008,1.256063174,0.796863253
1161,THR,1.249187878,1.253202787,0.973651089
1162,GLU,1.668361504,1.6501065,0.891424993
1163,TRP,1.802264829,1.550465086,0.201570753
1164,VAL,1.54272108,1.537389375,0.970887961
1165,LYS,1.904702195,1.899923467,0.973137385
1166,GLY,1.952679596,1.943469951,0.96046126
1167,LYS,1.9067264,1.926789149,0.906939701
1168,THR,1.985506412,2.022367651,0.846052696
1169,VAL,1.92039501,1.955180426,0.847067485
1170,GLU,2.214981604,2.267151176,0.790113225
1171,GLU,2.213154399,2.246153849,0.853342835
1172,ALA,1.662840269,1.69065501,0.867910356
1173,LEU,1.952857479,1.969050258,0.923071776
1174,THR,2.065071729,2.032405052,0.858572251
1175,ILE,1.669424128,1.593335688,0.621840863
1176,LYS,2.044311549,2.04829213,0.979380443
1177,ASN,1.358040564,1.411633201,0.711401924
1178,THR,1.516812488,1.54757419,0.848322553
1179,ASP,1.72337479,1.688746137,0.827052869
1180,ILE,1.321170485,1.310187262,0.935045026
1181,ALA,1.305626062,1.314241146,0.95022617
1182,LYS,1.992806866,1.993279366,0.997279785
1183,GLU,1.752174566,1.651865263,0.497514049
1184,LEU,1.341611035,1.326938625,0.902177239
1185,CYS,1.45968852,1.433132218,0.838247014
1186,LEU,1.268414486,1.303348828,0.776899561
1187,PRO,1.238701919,1.294782229,0.656808568
1188,PRO,1.312512683,1.394781274,0.630607976
1189,VAL,1.330252046,1.428059319,0.488546796
1190,LYS,1.194853907,1.28795192,0.38610752
1191,LEU,1.097396676,1.215319003,0.432951401
1192,HIE,1.140028291,1.238292884,0.648871792
1193,CYS,0.988882729,1.154787723,0.168217531
1194,SER,1.106119439,1.185984308,0.558228292
1195,ILE,1.356441785,1.360281961,0.971419269
1196,LEU,1.182000576,1.247824455,0.546964752
1197,ALA,1.095480765,1.098436311,0.978144841
1198,GLU,1.373205723,1.418539948,0.719415877
1199,ASP,1.342100613,1.438767004,0.447204069
1200,ALA,1.130915464,1.121320437,0.932593119
1201,ILE,1.310847667,1.318066208,0.954991508
1202,LYS,1.632565067,1.730002273,0.450245786
1203,ALA,1.336665803,1.334323954,0.984931641
1204,ALA,1.383959957,1.34844449,0.780246934
1205,LEU,1.623353326,1.620589274,0.984773065
1206,ALA,1.64801701,1.65441256,0.963384159
1207,ASP,1.636997931,1.566968348,0.580001908
1208,TYR,1.938718022,1.897059616,0.789889134
1209,LYS,2.962405205,2.851070491,0.676012115
1210,LEU,3.300909772,3.317296804,0.972065657
1211,LYS,5.004334245,4.57821584,0.55340233
1212,GLN,6.116135444,5.738027686,0.623719253
1213,LEU,2.02387763,2.485745526,0.257768768
1214,ASP,2.049574243,2.268953001,0.432428635
1215,GLU,1.980654133,2.397868347,0.293824301
1216,THR,2.055107097,2.284392522,0.437857536
1217,THR,1.773229011,1.936403322,0.44265024
1218,TYR,1.284448855,1.395578512,0.495625521
1219,GLU,1.882960581,2.0033088,0.473360949
1220,ARG,1.912886026,2.134658354,0.330247583
1221,LEU,1.493213428,1.623196972,0.400183437
1222,ALA,1.141331207,1.267762129,0.370883026
1223,GLU,1.552594462,1.635996075,0.552950332
1224,GLU,1.509874516,1.614222618,0.533411085
1225,THR,1.107005146,1.218795371,0.407627902
1226,LEU,1.186606458,1.263803393,0.497556602
1227,ASP,1.338870589,1.432582537,0.536763306
1228,SER,1.219086473,1.304321038,0.555073736
1229,LEU,1.13157297,1.212000522,0.514573815
1230,ALA,1.101607684,1.152346667,0.701790238
1231,GLU,1.435521785,1.489067329,0.727112789
1232,PHE,1.289720775,1.388827382,0.473455325
1233,PHE,1.209458713,1.281501148,0.556941836
1234,GLU,1.338196789,1.421637755,0.617785009
1235,ASP,1.480214928,1.555817408,0.618083287
1236,LEU,1.424049194,1.476416071,0.712274506
1237,ALA,1.355109914,1.344336282,0.951703536
1238,ASP,1.66494027,1.723490082,0.748735341
1239,LYS,1.552038262,1.664469857,0.537370638
1240,PRO,1.817228219,1.922921331,0.616847134
1241,TYR,1.823244598,1.953453953,0.52150181
1242,THR,1.62648579,1.637971648,0.957661621
1243,PHE,2.109733455,2.031039523,0.71782787
1244,GLU,2.120494375,2.067487641,0.788813882
1245,ASP,1.687434134,1.639088801,0.801149909
1246,TYR,1.361848702,1.353917,0.958805943
1247,ASP,1.481898881,1.480131247,0.990985068
1248,VAL,1.294786086,1.3167021,0.862552887
1249,SER,1.334838872,1.38119512,0.721389315
1250,PHE,1.918682755,2.025853518,0.460715821
1251,GLY,1.460972133,1.559386994,0.574113424
1252,SER,1.466381682,1.645465627,0.331992547
1253,GLY,1.145357492,1.281203607,0.310438967
1254,VAL,1.128162195,1.197864208,0.544526385
1255,LEU,1.04869587,1.054584744,0.953616281
1256,THR,1.228417441,1.228752102,0.997368224
1257,VAL,1.216574806,1.21011618,0.954175537
1258,LYS,1.72793684,1.623710057,0.454155451
1259,LEU,1.827533435,1.578168516,0.237458631
1260,GLY,2.087293399,1.640630483,0.091502992
1261,GLY,2.168326473,1.941768441,0.420553247
1262,ASP,2.516704461,2.34795115,0.525243272
1263,LEU,2.375069162,2.160827167,0.482489118
1264,GLY,1.760043971,1.653284982,0.575652162
1265,THR,1.54878803,1.551475667,0.984923907
1266,TYR,1.427002795,1.423064307,0.970283997
1267,VAL,1.038732425,1.045810088,0.934405222
1268,ILE,0.991999495,1.015786845,0.759541238
1269,ASN,1.118231648,1.040327115,0.397016205
1270,LYS,1.275445307,1.329065822,0.628860041
1271,GLN,1.226746162,1.261351091,0.796168524
1272,THR,1.149144399,1.258550966,0.371751398
1273,PRO,1.228457041,1.308793236,0.536365005
1274,ASN,1.397835999,1.500567037,0.430010819
1275,LYS,1.430785523,1.519878706,0.477175787
1276,GLN,1.131073605,1.177296974,0.65838662
1277,ILE,1.045891677,1.132764261,0.311988646
1278,TRP,1.041280958,1.087690181,0.629419923
1279,LEU,1.058133317,1.072661507,0.871079759
1280,SER,1.100646497,1.125854886,0.749175571
1281,SER,1.389860078,1.415536412,0.829673891
1282,PRO,1.845731031,1.774335191,0.69396288
1283,SER,1.839423138,1.682797015,0.34871724
1284,SER,1.64431937,1.55745483,0.555336613
1285,GLY,1.274516179,1.313494371,0.765547908
1286,PRO,1.112442083,1.179998192,0.553099579
1287,LYS,1.302010289,1.333226821,0.779475973
1288,ARG,1.581883953,1.5641356,0.878963615
1289,TYR,1.098252743,1.150821537,0.61720836
1290,ASP,1.489250758,1.536395286,0.672494153
1291,TRP,1.493775149,1.590649087,0.516227275
1292,THR,1.767576512,1.879251942,0.464570452
1293,GLY,1.855730002,1.970641519,0.493691629
1294,LYS,2.262124869,2.378834479,0.494536553
1295,ASN,1.630148345,1.770864004,0.367609192
1296,TRP,1.170136675,1.281348439,0.374405522
1297,VAL,1.407232017,1.455487365,0.730874606
1298,TYR,2.186567727,1.780281715,0.062035179
1299,SER,2.282408245,2.07227055,0.16971999
1300,HIE,3.139961057,2.900725581,0.495515264
1301,ASP,2.559927281,2.401478661,0.525676046
1302,GLY,1.970711885,2.063944877,0.641625081
1303,VAL,1.709200722,1.866887315,0.266014205
1304,SER,1.378179199,1.485874848,0.436366252
1305,LEU,1.160214057,1.235664505,0.495540264
1306,HIE,1.197420888,1.319288466,0.352729231
1307,GLU,1.619809648,1.737225534,0.484854024
1308,LEU,1.443341693,1.438483519,0.973145721
1309,LEU,1.299555224,1.316378949,0.886515415
1310,ALA,1.328122179,1.40157055,0.649302112
1311,ALA,1.427780928,1.4874555,0.737607085
1312,GLU,1.517217094,1.537493749,0.89976607
1313,LEU,1.528493349,1.555003945,0.843278621
1314,THR,1.612641862,1.685470849,0.694756581
1315,LYS,2.156060026,2.17251874,0.926392193
1316,ALA,1.671991436,1.627018485,0.803876333
1317,LEU,1.762435198,1.713292906,0.778969665
1318,LYS,2.33779092,2.31392411,0.907027342
1319,THR,2.010544,2.080680885,0.703361949
1320,LYS,2.315603166,2.502337667,0.271417232
1321,LEU,1.87827148,2.039930582,0.259933613
1322,ASP,1.698673676,1.880953418,0.280549343
1323,LEU,1.403773915,1.5552759,0.291955913
1324,SER,1.733961422,2.028405935,0.133551266
1325,SER,1.785144996,2.087416561,0.122462202
1326,LEU,1.577279354,1.764874953,0.229373162
1327,ALA,1.520022268,1.736428669,0.233815665
1328,TYR,1.594333703,1.758845623,0.291260556
1329,SER,1.619689936,1.807665812,0.219170194
1330,GLY,2.26732793,2.527118011,0.208685825
1331,LEU,2.421859953,2.944899885,0.292555697
1332,ASP,2.420743474,2.681058973,0.505220446
1333,GLU,2.283977937,2.813221169,0.26887825
1334,THR,2.37734166,2.677558973,0.466612305
1335,THR,2.177041902,2.22393048,0.87364496
1336,TYR,1.699556884,1.56363526,0.590627044
1337,GLU,2.136741387,2.289048021,0.590081832
1338,ARG,2.544926611,2.364318314,0.403410752
1339,LEU,1.814204583,1.763991264,0.796587695
1340,ALA,1.423399318,1.404512883,0.913225
1341,GLU,1.69928393,1.734637972,0.827498018
1342,GLU,1.709889739,1.726785326,0.927822244
1343,THR,1.32728905,1.309173935,0.904830243
1344,LEU,1.310094792,1.340605581,0.814641956
1345,ASP,1.445976643,1.488586473,0.779404585
1346,SER,1.352863419,1.343428244,0.943885371
1347,LEU,1.2265396,1.259973,0.755514849
1348,ALA,1.10194149,1.168122363,0.601293559
1349,GLU,1.474785825,1.50202568,0.834698269
1350,PHE,1.330331161,1.342104185,0.915459987
1351,PHE,1.211895559,1.22831777,0.87648946
1352,GLU,1.29030349,1.373448292,0.544608886
1353,ASP,1.456413141,1.482487876,0.84083512
1354,LEU,1.376437091,1.381418363,0.966293848
1355,ALA,1.285522548,1.319208017,0.795678043
1356,ASP,1.65007595,1.710289108,0.544373606
1357,LYS,1.583192368,1.606618721,0.839311906
1358,PRO,1.839036331,1.887150742,0.715211655
1359,TYR,1.890442417,1.92779916,0.791685898
1360,THR,1.517155072,1.564602364,0.70704362
1361,PHE,2.060518626,2.187033699,0.453577537
1362,GLU,2.068362804,2.059506765,0.962859491
1363,ASP,1.627343278,1.683131876,0.721515762
1364,TYR,1.276753398,1.307713684,0.807851467
1365,ASP,1.352599153,1.390061271,0.790843611
1366,VAL,1.1704859,1.290507369,0.392151335
1367,SER,1.251115931,1.384674511,0.347014232
1368,PHE,1.750105756,2.000793002,0.20769334
1369,GLY,1.601265099,1.988775891,0.101017862
1370,SER,1.81095686,2.31744588,0.074553178
1371,GLY,1.418238179,1.681161942,0.255393854
1372,VAL,1.270985221,1.409215876,0.361062192
1373,LEU,1.085686861,1.167348904,0.45820152
1374,THR,1.181633461,1.23843983,0.616522809
1375,VAL,1.165105182,1.161999887,0.974980057
1376,LYS,1.495120713,1.54949449,0.663254272
1377,LEU,1.545547566,1.574470465,0.828516167
1378,GLY,1.734199026,1.793571504,0.753268065
1379,GLY,2.103117539,2.210669547,0.691015137
1380,ASP,2.416344969,2.622189323,0.445609834
1381,LEU,2.332026885,2.319364131,0.969272523
1382,GLY,1.673849046,1.575154159,0.518517787
1383,THR,1.460608345,1.433562208,0.833054064
1384,TYR,1.369817806,1.390656266,0.86103032
1385,VAL,1.073907166,1.116064213,0.718659321
1386,ILE,1.087367812,1.116563018,0.769329973
1387,ASN,1.255892685,1.251117082,0.974348687
1388,LYS,1.503481758,1.510161879,0.968951367
1389,GLN,1.35665574,1.368669947,0.943049327
1390,THR,1.46592601,1.442923788,0.899330432
1391,PRO,1.515391576,1.513784314,0.993793904
1392,ASN,1.612018806,1.580768929,0.863852733
1393,LYS,1.764012411,1.701956975,0.738789648
1394,GLN,1.379443149,1.346981853,0.847582722
1395,ILE,1.286669316,1.250998954,0.79161741
1396,TRP,1.185835108,1.219119356,0.832860845
1397,LEU,1.178275903,1.174492002,0.974946793
1398,SER,1.161103374,1.186546036,0.844535823
1399,SER,1.473870739,1.390009261,0.433721479
1400,PRO,1.929858601,1.692859746,0.159109069
1401,SER,1.748993061,1.997567205,0.430027887
1402,SER,1.726666613,1.70986707,0.93699371
1403,GLY,1.288370069,1.364210169,0.671335174
1404,PRO,1.201407191,1.266879574,0.720978799
1405,LYS,1.413990396,1.458400772,0.772970294
1406,ARG,1.637529145,1.703535308,0.737854764
1407,TYR,1.312458128,1.280519822,0.823627211
1408,ASP,1.744236244,1.690534628,0.747669138
1409,TRP,1.831564972,1.728887471,0.608319047
1410,THR,2.126230426,2.037988504,0.640536339
1411,GLY,2.280172196,2.14656062,0.554337389
1412,LYS,2.616818494,2.455870606,0.421658854
1413,ASN,1.91741253,1.851183822,0.680239844
1414,TRP,1.45601569,1.403547204,0.74078579
1415,VAL,1.671713942,1.64515514,0.876166113
1416,TYR,1.931116062,2.247129693,0.110257008
1417,SER,2.343592686,2.30124294,0.819314229
1418,HIE,3.045125335,3.561136872,0.023200555
1419,ASP,2.46550738,2.79873795,0.076995497
1420,GLY,2.098647476,2.256701244,0.443266009
1421,VAL,1.967160607,1.957627553,0.952128934
1422,SER,1.570870312,1.525244995,0.757366964
1423,LEU,1.324680792,1.284275852,0.725261468
1424,HIE,1.390449645,1.345226453,0.726740153
1425,GLU,1.774131872,1.757492273,0.903260519
1426,LEU,1.489860426,1.444297332,0.724306387
1427,LEU,1.360014414,1.33038337,0.77060309
1428,ALA,1.414365086,1.351695692,0.639747793
1429,ALA,1.48926784,1.442352311,0.750806964
1430,GLU,1.559361351,1.458634813,0.426222872
1431,LEU,1.542405108,1.437478501,0.338615311
1432,THR,1.603792426,1.582902479,0.887217302
1433,LYS,2.106304771,2.095164336,0.93234179
1434,ALA,1.61149791,1.564487347,0.716815507
1435,LEU,1.687840787,1.670061256,0.884587592
1436,LYS,2.251027944,2.216466725,0.782788647
1437,THR,1.960732641,1.977851209,0.890924686
1438,LYS,2.28366478,2.356485041,0.605541167
1439,LEU,1.866509831,1.869571116,0.977197596
1440,ASP,1.808265622,1.847094704,0.78268376
1441,LEU,1.53544933,1.542537374,0.951953391
1442,SER,1.926201734,1.947897171,0.884529038
1443,SER,1.999954504,1.991834762,0.954002753
1444,LEU,1.733306813,1.727456345,0.963560413
1445,ALA,1.723329085,1.663587868,0.703409266
1446,TYR,1.822653004,1.821870904,0.996481758
1447,SER,1.878423488,1.807913079,0.680999601
1448,GLY,2.50388262,2.565074033,0.771582066
