resid,resname,waters
1,LEU,2.098
2,ARG,0.73
3,PRO,0.088
4,LEU,0.021
5,TYR,1.922
6,MET,0.035
7,ASP,3.149
8,VAL,0.403
9,GLN,0.883
10,ALA,0.565
11,THR,0.079
12,THR,0.71
13,PRO,0.024
14,LEU,0.608
15,ASP,1.796
16,PRO,0.081
17,ARG,1.315
18,VAL,0.004
19,LEU,0.056
20,ASP,2.475
21,ALA,0.584
22,MET,0.0
23,LEU,0.0
24,PRO,0.035
25,TYR,1.644
26,LEU,0.95
27,ILE,1.089
28,ASN,1.897
29,TYR,1.701
30,TYR,0.982
31,GLY,0.717
32,ASN,1.202
33,PRO,0.905
34,HIE,1.434
35,SER,1.298
36,ARG,1.731
37,THR,2.532
38,HIE,0.45
39,ALA,0.499
40,TYR,0.902
41,GLY,0.063
42,TRP,0.828
43,GLU,4.034
44,SER,0.149
45,GLU,4.834
46,ALA,0.614
47,ALA,0.559
48,MET,0.056
49,GLU,4.707
50,ARG,0.914
51,ALA,0.008
52,ARG,0.366
53,GLN,1.71
54,GLN,2.172
55,VAL,0.0
56,ALA,0.042
57,SER,1.372
58,LEU,1.266
59,ILE,0.018
60,GLY,1.189
61,ALA,0.976
62,ASP,2.994
63,PRO,0.209
64,ARG,1.595
65,GLU,3.339
66,ILE,0.659
67,ILE,0.083
68,PHE,0.002
69,THR,0.001
70,SER,1.042
71,GLY,0.094
72,ALA,0.0
73,THR,0.583
74,GLU,0.605
75,SER,0.0
76,ASN,0.05
77,ASN,0.39
78,ILE,0.084
79,ALA,0.001
80,ILE,0.007
81,LYS,1.499
82,GLY,0.034
83,VAL,0.006
84,ALA,0.764
85,ARG,1.499
86,PHE,0.709
87,TYR,1.815
88,ARG,2.01
89,SER,1.593
90,ARG,1.605
91,LYS,1.674
92,LYS,1.25
93,HIE,0.144
94,LEU,0.002
95,ILE,0.001
96,THR,0.031
97,THR,0.12
98,GLN,2.378
99,THR,0.489
100,GLU,0.26
101,HIE,0.485
102,LYS,1.564
103,CYS,0.289
104,VAL,0.005
105,LEU,0.273
106,ASP,4.152
107,SER,0.07
108,CYS,0.232
109,ARG,1.275
110,SER,1.049
111,LEU,0.052
112,GLU,4.875
113,ALA,1.321
114,GLU,4.781
115,GLY,0.892
116,PHE,0.851
117,GLN,1.959
118,VAL,1.204
119,THR,0.607
120,TYR,1.689
121,LEU,0.025
122,PRO,1.058
123,VAL,1.474
124,GLN,1.996
125,LYS,2.291
126,SER,0.855
127,GLY,0.002
128,ILE,0.103
129,ILE,0.737
130,ASP,3.861
131,LEU,0.426
132,LYS,1.704
133,GLU,5.96
134,LEU,0.0
135,GLU,4.956
136,ALA,1.167
137,ALA,0.76
138,ILE,1.083
139,GLN,2.426
140,PRO,0.822
141,ASP,3.539
142,THR,0.552
143,SER,0.577
144,LEU,0.001
145,VAL,0.0
146,SER,0.0
147,VAL,0.0
148,MET,0.006
149,THR,0.441
150,VAL,0.009
151,ASN,0.196
152,ASN,1.836
153,GLU,2.668
154,ILE,0.817
155,GLY,0.017
156,VAL,0.008
157,LYS,2.143
158,GLN,0.594
159,PRO,0.043
160,ILE,0.065
161,ALA,0.732
162,GLU,4.414
163,ILE,0.0
164,GLY,0.022
165,ARG,1.089
166,ILE,0.113
167,CYS,0.087
168,SER,1.216
169,SER,1.446
170,ARG,1.802
171,LYS,2.582
172,VAL,0.9
173,TYR,0.706
174,PHE,0.007
175,HIE,0.0
176,THR,0.0
177,ASP,0.0
178,ALA,0.0
179,ALA,0.18
180,GLN,0.847
181,ALA,0.001
182,VAL,0.184
183,GLY,0.651
184,LYS,1.667
185,ILE,0.959
186,PRO,1.326
187,LEU,1.322
188,ASP,3.726
189,VAL,0.511
190,ASN,2.424
191,ASP,5.829
192,MET,0.137
193,LYS,1.851
194,ILE,0.554
195,ASP,2.664
196,LEU,0.0
197,MET,0.0
198,SER,0.0
199,ILE,0.0
200,SER,0.015
201,GLY,0.019
202,HIE,0.277
204,ILE,0.755
205,TYR,1.039
206,GLY,0.77
207,PRO,0.119
208,LYS,1.04
209,GLY,0.709
210,VAL,0.328
211,GLY,0.0
212,ALA,0.0
213,ILE,0.034
214,TYR,0.571
215,ILE,0.343
216,ARG,0.919
217,ARG,1.393
218,ARG,1.076
219,PRO,0.984
220,ARG,1.695
221,VAL,0.681
222,ARG,0.897
223,VAL,1.283
224,GLU,5.484
225,ALA,1.533
226,LEU,1.317
227,GLN,1.813
228,SER,0.184
229,GLY,1.195
230,GLY,1.058
231,GLY,1.067
232,GLN,0.403
233,GLU,2.839
234,ARG,1.99
235,GLY,1.294
236,MET,0.71
237,ARG,1.023
238,SER,1.314
239,GLY,1.008
240,THR,2.081
241,VAL,0.647
242,PRO,0.026
243,THR,0.635
244,PRO,0.015
245,LEU,0.015
246,VAL,0.001
247,VAL,0.458
248,GLY,0.0
249,LEU,0.0
250,GLY,0.005
251,ALA,0.074
252,ALA,0.408
253,CYS,0.426
254,GLU,5.647
255,VAL,0.249
256,ALA,0.071
257,GLN,3.112
258,GLN,2.722
259,GLU,1.411
260,MET,0.507
261,GLU,4.578
262,TYR,1.32
263,ASP,2.497
264,HIE,1.194
265,LYS,1.714
266,ARG,0.548
267,ILE,0.093
268,SER,1.153
269,LYS,1.859
270,LEU,0.016
271,SER,0.488
272,GLU,4.652
273,ARG,1.184
274,LEU,0.0
275,ILE,0.051
276,GLN,2.32
277,ASN,1.871
278,ILE,0.003
279,MET,1.203
280,LYS,2.434
281,SER,1.349
282,LEU,0.928
283,PRO,0.074
284,ASP,4.967
285,VAL,1.112
286,VAL,0.115
287,MET,1.458
288,ASN,1.913
289,GLY,1.602
290,ASP,2.922
291,PRO,1.265
292,LYS,2.245
293,HIE,1.224
294,HIE,1.878
295,TYR,1.258
296,PRO,0.058
297,GLY,0.005
298,CYS,0.013
299,ILE,0.001
300,ASN,0.442
301,LEU,0.0
302,SER,0.092
303,PHE,0.018
304,ALA,0.049
305,TYR,1.111
306,VAL,0.261
307,GLU,0.965
308,GLY,0.09
309,GLU,4.061
310,SER,0.071
311,LEU,0.0
312,LEU,0.966
313,MET,1.008
314,ALA,0.758
315,LEU,0.416
316,LYS,2.396
317,ASP,2.016
318,VAL,0.582
319,ALA,0.003
320,LEU,0.967
321,SER,0.368
322,SER,0.813
323,GLY,0.179
324,SER,0.368
325,ALA,0.798
326,CYS,1.026
327,THR,1.284
328,SER,1.71
329,ALA,0.553
330,SER,1.091
331,LEU,0.964
332,GLU,3.961
333,PRO,1.093
334,SER,0.468
335,TYR,0.885
336,VAL,0.008
337,LEU,0.061
338,ARG,1.733
339,ALA,1.329
340,ILE,0.589
341,GLY,1.08
342,THR,1.429
343,ASP,5.368
344,GLU,5.428
345,ASP,4.576
346,LEU,0.124
347,ALA,0.516
348,HIE,1.786
349,SER,0.128
350,SER,1.7
351,ILE,0.035
352,ARG,0.684
353,PHE,0.0
354,GLY,0.062
355,ILE,0.708
356,GLY,0.033
357,ARG,1.411
358,PHE,1.611
359,THR,0.88
360,THR,0.058
361,GLU,2.652
362,GLU,4.695
363,GLU,2.84
364,VAL,0.008
365,ASP,4.505
366,TYR,0.617
367,THR,0.001
368,VAL,0.028
369,GLU,5.984
370,LYS,1.029
371,CYS,0.0
372,ILE,0.363
373,GLN,2.239
374,HIE,0.961
375,VAL,0.001
376,LYS,1.492
377,ARG,1.179
378,LEU,0.319
379,ARG,0.946
380,GLU,5.586
381,MET,0.031
382,SER,0.535
383,PRO,0.765
384,LEU,0.834
385,TRP,1.54
386,GLU,4.175
387,MET,1.332
388,VAL,0.721
389,GLN,3.055
390,ASP,5.388
391,GLY,1.316
392,ILE,0.988
393,ASP,3.953
394,LEU,0.773
395,LYS,2.371
396,SER,1.455
397,ILE,1.055
398,LYS,2.601
399,TRP,1.223
400,THR,1.304
401,GLN,2.773
402,HIE,3.541
403,SER,2.498
404,ARG,1.361
405,ALA,0.704
406,GLN,1.283
407,VAL,0.062
408,LEU,0.294
409,ALA,0.668
410,LEU,0.09
411,TYR,0.843
412,ARG,1.335
413,ALA,0.213
414,MET,0.017
415,LEU,0.345
416,ARG,1.465
417,GLU,2.478
418,SER,0.034
419,LYS,2.328
420,ARG,1.544
421,PHE,0.292
422,SER,1.426
423,ALA,0.192
424,TYR,0.752
425,ASN,0.803
426,TYR,0.505
427,ARG,0.738
428,THR,0.809
429,TYR,0.13
430,ALA,0.09
431,VAL,0.522
432,ARG,1.277
433,ARG,0.578
434,ILE,0.145
435,ARG,1.384
436,ASP,3.666
437,ALA,0.477
438,PHE,0.99
439,ARG,1.508
440,GLU,5.19
441,ASN,2.533
442,LYS,2.302
443,ASN,2.838
444,VAL,1.011
445,LYS,2.888
446,ASP,3.829
447,PRO,0.868
448,VAL,0.306
449,GLU,5.812
450,ILE,0.09
451,GLN,1.99
452,THR,1.079
453,LEU,0.205
454,VAL,0.068
455,ASN,2.246
456,LYS,1.184
457,ALA,0.023
458,LYS,2.131
459,ARG,1.224
460,ASP,3.136
461,LEU,0.06
462,GLY,0.567
463,VAL,0.099
464,ILE,0.129
465,ARG,1.369
466,ARG,0.606
467,GLN,1.275
468,VAL,0.4
469,HIE,0.93
470,ILE,0.002
471,GLY,0.226
472,GLN,2.983
473,LEU,0.923
474,TYR,0.563
475,SER,1.949
476,THR,1.773
477,ASP,4.006
478,LYS,1.316
479,LEU,0.516
480,ILE,1.125
481,ILE,1.171
482,GLU,4.358
483,ASN,6.389
484,TYR,2.934
485,HIE,0.829
486,LYS,2.018
487,LYS,1.073
488,VAL,0.097
489,VAL,0.098
490,ASP,4.092
491,HIE,0.49
492,TYR,0.727
493,GLU,5.595
494,ASN,2.095
495,PRO,1.126
496,ARG,0.672
497,ASN,1.771
498,VAL,1.544
499,GLY,0.896
500,SER,1.657
501,LEU,0.929
502,ASP,4.597
503,LYS,2.39
504,THR,1.549
505,SER,1.582
506,LYS,2.082
507,ASN,1.363
508,VAL,1.063
509,GLY,0.015
510,THR,1.553
511,GLY,0.01
512,LEU,1.256
513,VAL,0.143
514,GLY,0.319
515,ALA,0.111
516,PRO,0.71
517,ALA,1.323
518,CYS,0.967
519,GLY,0.003
520,ASP,1.914
521,VAL,0.005
522,MET,0.015
523,LYS,1.0
524,LEU,0.0
525,GLN,0.386
526,ILE,0.0
527,GLN,1.837
528,VAL,1.033
529,ASP,5.295
530,GLU,5.391
531,LYS,2.511
532,GLY,0.173
533,LYS,1.293
534,ILE,0.164
535,VAL,1.247
536,ASP,3.157
537,ALA,0.691
538,ARG,1.133
539,PHE,0.038
540,LYS,0.968
541,THR,0.282
542,PHE,0.167
543,GLY,0.448
544,CYS,0.684
545,GLY,0.144
546,SER,0.951
547,ALA,0.004
548,ILE,0.007
549,ALA,0.002
550,SER,0.0
551,SER,0.0
552,SER,0.041
553,LEU,0.015
554,ALA,0.0
555,THR,0.207
556,GLU,4.998
557,TRP,0.543
558,VAL,0.0
559,LYS,1.915
560,GLY,1.111
561,LYS,1.159
562,THR,0.662
563,VAL,0.427
564,GLU,4.582
565,GLU,5.454
566,ALA,0.457
567,LEU,1.225
568,THR,1.337
569,ILE,1.135
570,LYS,1.175
571,ASN,1.616
572,THR,1.207
573,ASP,4.405
574,ILE,0.0
575,ALA,0.247
576,LYS,2.327
577,GLU,4.69
578,LEU,0.39
579,CYS,1.322
580,LEU,1.032
581,PRO,0.09
582,PRO,0.819
583,VAL,0.765
584,LYS,0.973
585,LEU,0.084
586,HIE,0.894
587,CYS,0.101
588,SER,0.147
589,ILE,0.255
590,LEU,0.161
591,ALA,0.0
592,GLU,2.522
593,ASP,5.353
594,ALA,0.0
595,ILE,0.009
596,LYS,1.431
597,ALA,0.561
598,ALA,0.0
599,LEU,0.397
600,ALA,0.591
601,ASP,3.533
602,TYR,1.48
603,LYS,1.955
604,LEU,1.301
605,LYS,1.992
606,GLN,5.964
607,LEU,1.867
608,ARG,0.607
609,PRO,0.048
610,LEU,0.008
611,TYR,1.572
612,MET,0.058
613,ASP,1.467
614,VAL,0.678
615,GLN,1.419
616,ALA,0.696
617,THR,0.234
618,THR,0.785
619,PRO,0.018
620,LEU,0.494
621,ASP,1.375
622,PRO,0.066
623,ARG,1.241
624,VAL,0.0
625,LEU,0.087
626,ASP,2.874
627,ALA,0.459
628,MET,0.0
629,LEU,0.0
630,PRO,0.052
631,TYR,1.809
632,LEU,0.939
633,ILE,0.957
634,ASN,1.78
635,TYR,1.618
636,TYR,1.106
637,GLY,0.775
638,ASN,1.695
639,PRO,0.801
640,HIE,2.113
641,SER,1.255
642,ARG,1.713
643,THR,2.005
644,HIE,0.212
645,ALA,0.443
646,TYR,0.32
647,GLY,0.033
648,TRP,0.929
649,GLU,3.45
650,SER,0.092
651,GLU,4.474
652,ALA,0.605
653,ALA,0.447
654,MET,0.033
655,GLU,4.192
656,ARG,0.931
657,ALA,0.012
658,ARG,0.186
659,GLN,1.719
660,GLN,1.998
661,VAL,0.0
662,ALA,0.038
663,SER,1.432
664,LEU,1.205
665,ILE,0.014
666,GLY,1.211
667,ALA,0.952
668,ASP,2.86
669,PRO,0.161
670,ARG,2.068
671,GLU,3.571
672,ILE,0.589
673,ILE,0.11
674,PHE,0.005
675,THR,0.551
676,SER,0.981
677,GLY,0.041
678,ALA,0.0
679,THR,0.629
680,GLU,0.235
681,SER,0.0
682,ASN,0.0
683,ASN,0.653
684,ILE,0.054
685,ALA,0.003
686,ILE,0.016
687,LYS,1.555
688,GLY,0.007
689,VAL,0.011
690,ALA,0.597
691,ARG,1.33
692,PHE,0.998
693,TYR,1.116
694,ARG,1.404
695,SER,2.138
696,ARG,1.817
697,LYS,1.808
698,LYS,1.484
699,HIE,0.332
700,LEU,0.031
701,ILE,0.002
702,THR,0.115
703,THR,0.328
704,GLN,2.415
705,THR,0.0
706,GLU,0.38
707,HIE,0.387
708,LYS,1.356
709,CYS,0.039
710,VAL,0.012
711,LEU,0.19
712,ASP,4.288
713,SER,0.021
714,CYS,0.021
715,ARG,1.175
716,SER,1.002
717,LEU,0.021
718,GLU,4.815
719,ALA,1.275
720,GLU,5.521
721,GLY,0.916
722,PHE,0.847
723,GLN,2.011
724,VAL,1.21
725,THR,0.623
726,TYR,1.218
727,LEU,0.027
728,PRO,0.645
729,VAL,1.423
730,GLN,2.032
731,LYS,2.511
732,SER,1.188
733,GLY,0.002
734,ILE,0.092
735,ILE,0.671
736,ASP,3.504
737,LEU,0.449
738,LYS,1.868
739,GLU,5.589
740,LEU,0.002
741,GLU,5.043
742,ALA,1.13
743,ALA,0.719
744,ILE,1.163
745,GLN,2.064
746,PRO,0.763
747,ASP,4.563
748,THR,0.592
749,SER,0.798
750,LEU,0.003
751,VAL,0.0
752,SER,0.017
753,VAL,0.007
754,MET,0.003
755,THR,0.417
756,VAL,0.003
757,ASN,0.001
758,ASN,0.946
759,GLU,3.191
760,ILE,0.966
761,GLY,0.054
762,VAL,0.013
763,LYS,2.27
764,GLN,0.553
765,PRO,0.049
766,ILE,0.065
767,ALA,0.766
768,GLU,4.342
769,ILE,0.0
770,GLY,0.023
771,ARG,1.091
772,ILE,0.068
773,CYS,0.018
774,SER,1.156
775,SER,1.392
776,ARG,1.751
777,LYS,2.581
778,VAL,0.972
779,TYR,0.866
780,PHE,0.014
781,HIE,0.001
782,THR,0.002
783,ASP,0.009
784,ALA,0.0
785,ALA,0.346
786,GLN,0.875
787,ALA,0.0
788,VAL,0.34
789,GLY,0.785
790,LYS,2.152
791,ILE,0.971
792,PRO,1.368
793,LEU,1.121
794,ASP,3.995
795,VAL,0.662
796,ASN,2.35
797,ASP,6.056
798,MET,0.134
799,LYS,1.971
800,ILE,0.722
801,ASP,2.695
802,LEU,0.0
803,MET,0.0
804,SER,0.0
805,ILE,0.0
806,SER,0.087
807,GLY,0.063
808,HIE,0.235
810,ILE,0.768
811,TYR,0.39
812,GLY,0.808
813,PRO,0.157
814,LYS,1.952
815,GLY,1.038
816,VAL,0.552
817,GLY,0.0
818,ALA,0.0
819,ILE,0.102
820,TYR,0.581
821,ILE,0.854
822,ARG,1.699
823,ARG,1.039
824,ARG,1.715
825,PRO,0.911
826,ARG,1.605
827,VAL,1.057
828,ARG,0.886
829,VAL,1.28
830,GLU,5.418
831,ALA,1.495
832,LEU,0.678
833,GLN,0.483
834,SER,0.345
835,GLY,1.579
836,GLY,1.544
837,GLY,0.91
838,GLN,0.861
839,GLU,2.339
840,ARG,1.841
841,GLY,0.011
842,MET,0.045
843,ARG,0.058
844,SER,0.698
845,GLY,1.372
846,THR,0.706
847,VAL,0.905
848,PRO,0.045
849,THR,0.867
850,PRO,0.013
851,LEU,0.012
852,VAL,0.002
853,VAL,0.285
854,GLY,0.0
855,LEU,0.0
856,GLY,0.001
857,ALA,0.091
858,ALA,0.519
859,CYS,0.248
860,GLU,5.615
861,VAL,0.115
862,ALA,0.122
863,GLN,2.998
864,GLN,2.764
865,GLU,1.751
866,MET,0.728
867,GLU,3.893
868,TYR,0.862
869,ASP,0.803
870,HIE,1.151
871,LYS,1.898
872,ARG,0.56
873,ILE,0.386
874,SER,1.564
875,LYS,1.907
876,LEU,0.023
877,SER,0.335
878,GLU,4.709
879,ARG,0.934
880,LEU,0.003
881,ILE,0.069
882,GLN,2.15
883,ASN,1.704
884,ILE,0.013
885,MET,1.258
886,LYS,2.346
887,SER,1.406
888,LEU,0.9
889,PRO,0.157
890,ASP,5.286
891,VAL,1.135
892,VAL,0.113
893,MET,1.336
894,ASN,1.75
895,GLY,1.382
896,ASP,2.916
897,PRO,1.328
898,LYS,2.306
899,HIE,1.239
900,HIE,1.893
901,TYR,0.844
902,PRO,0.266
903,GLY,0.018
904,CYS,0.187
905,ILE,0.008
906,ASN,0.625
907,LEU,0.0
908,SER,0.058
909,PHE,0.249
910,ALA,0.061
911,TYR,2.181
912,VAL,0.219
913,GLU,0.238
914,GLY,0.05
915,GLU,4.122
916,SER,0.753
917,LEU,0.0
918,LEU,0.985
919,MET,1.225
920,ALA,0.649
921,LEU,0.735
922,LYS,2.329
923,ASP,2.661
924,VAL,0.798
925,ALA,0.048
926,LEU,0.972
927,SER,0.72
928,SER,1.974
929,GLY,1.005
930,SER,1.213
931,ALA,1.286
932,CYS,1.186
933,THR,1.845
934,SER,1.886
935,ALA,0.653
936,SER,1.937
937,LEU,0.552
938,GLU,4.855
939,PRO,1.042
940,SER,0.909
941,TYR,0.993
942,VAL,0.064
943,LEU,0.013
944,ARG,1.535
945,ALA,1.298
946,ILE,0.749
947,GLY,1.287
948,THR,0.915
949,ASP,5.416
950,GLU,4.89
951,ASP,4.828
952,LEU,0.12
953,ALA,0.291
954,HIE,1.308
955,SER,0.245
956,SER,0.981
957,ILE,0.003
958,ARG,1.056
959,PHE,0.002
960,GLY,0.411
961,ILE,0.426
962,GLY,0.032
963,ARG,0.995
964,PHE,1.485
965,THR,0.55
966,THR,0.079
967,GLU,3.235
968,GLU,5.116
969,GLU,3.199
970,VAL,0.027
971,ASP,5.367
972,TYR,0.744
973,THR,0.0
974,VAL,0.042
975,GLU,5.715
976,LYS,0.985
977,CYS,0.0
978,ILE,0.182
979,GLN,1.938
980,HIE,1.047
981,VAL,0.001
982,LYS,1.612
983,ARG,1.377
984,LEU,1.04
985,ARG,0.947
986,GLU,5.842
987,MET,0.17
988,SER,1.016
989,PRO,0.523
990,LEU,1.069
991,TRP,1.296
992,GLU,3.603
993,MET,0.7
994,VAL,1.167
995,GLN,2.943
996,ASP,6.157
997,GLY,1.379
998,ILE,1.126
999,ASP,4.027
1000,LEU,0.961
1001,LYS,2.184
1002,SER,1.811
1003,ILE,1.037
1004,LYS,2.549
1005,TRP,1.395
1006,THR,1.161
1007,GLN,2.031
1008,HIE,5.683
1009,SER,2.619
1010,ARG,1.343
1011,ALA,0.752
1012,GLN,1.743
1013,VAL,0.092
1014,LEU,0.223
1015,ALA,0.702
1016,LEU,0.079
1017,TYR,0.872
1018,ARG,1.315
1019,ALA,0.307
1020,MET,0.034
1021,LEU,0.331
1022,ARG,1.501
1023,GLU,2.777
1024,SER,0.031
1025,LYS,2.263
1026,ARG,1.851
1027,PHE,0.359
1028,SER,1.658
1029,ALA,0.289
1030,TYR,0.924
1031,ASN,1.137
1032,TYR,0.326
1033,ARG,0.962
1034,THR,0.584
1035,TYR,0.164
1036,ALA,0.098
1037,VAL,0.466
1038,ARG,1.087
1039,ARG,0.682
1040,ILE,0.174
1041,ARG,1.274
1042,ASP,3.673
1043,ALA,0.621
1044,PHE,1.143
1045,ARG,1.987
1046,GLU,5.809
1047,ASN,3.018
1048,LYS,2.149
1049,ASN,2.66
1050,VAL,1.019
1051,LYS,2.878
1052,ASP,3.797
1053,PRO,0.85
1054,VAL,0.266
1055,GLU,5.789
1056,ILE,0.104
1057,GLN,1.919
1058,THR,1.024
1059,LEU,0.242
1060,VAL,0.053
1061,ASN,2.186
1062,LYS,1.101
1063,ALA,0.025
1064,LYS,2.132
1065,ARG,1.392
1066,ASP,3.37
1067,LEU,0.03
1068,GLY,0.537
1069,VAL,0.174
1070,ILE,0.095
1071,ARG,1.456
1072,ARG,0.653
1073,GLN,1.479
1074,VAL,0.567
1075,HIE,0.986
1076,ILE,0.041
1077,GLY,0.455
1078,GLN,3.036
1079,LEU,0.864
1080,TYR,0.908
1081,SER,2.195
1082,THR,1.68
1083,ASP,4.631
1084,LYS,1.396
1085,LEU,0.438
1086,ILE,1.145
1087,ILE,1.197
1088,GLU,5.345
1089,ASN,6.26
1090,TYR,2.963
1091,HIE,0.876
1092,LYS,1.931
1093,LYS,1.168
1094,VAL,0.063
1095,VAL,0.137
1096,ASP,4.126
1097,HIE,0.428
1098,TYR,1.419
1099,GLU,5.97
1100,ASN,2.081
1101,PRO,1.243
1102,ARG,1.109
1103,ASN,2.038
1104,VAL,1.636
1105,GLY,0.913
1106,SER,1.955
1107,LEU,0.907
1108,ASP,4.581
1109,LYS,2.559
1110,THR,1.509
1111,SER,1.68
1112,LYS,2.043
1113,ASN,1.329
1114,VAL,1.329
1115,GLY,0.021
1116,THR,1.51
1117,GLY,0.016
1118,LEU,1.302
1119,VAL,0.082
1120,GLY,0.416
1121,ALA,0.164
1122,PRO,0.703
1123,ALA,1.188
1124,CYS,1.15
1125,GLY,0.863
1126,ASP,1.568
1127,VAL,0.007
1128,MET,0.0
1129,LYS,1.012
1130,LEU,0.0
1131,GLN,0.598
1132,ILE,0.0
1133,GLN,1.859
1134,VAL,1.042
1135,ASP,4.903
1136,GLU,3.721
1137,LYS,2.294
1138,GLY,0.217
1139,LYS,0.94
1140,ILE,0.245
1141,VAL,1.226
1142,ASP,3.002
1143,ALA,0.713
1144,ARG,1.17
1145,PHE,0.033
1146,LYS,0.908
1147,THR,0.457
1148,PHE,0.099
1149,GLY,0.61
1150,CYS,0.31
1151,GLY,0.337
1152,SER,0.888
1153,ALA,0.024
1154,ILE,0.028
1155,ALA,0.002
1156,SER,0.0
1157,SER,0.003
1158,SER,0.557
1159,LEU,0.034
1160,ALA,0.0
1161,THR,0.314
1162,GLU,4.877
1163,TRP,0.514
1164,VAL,0.0
1165,LYS,1.851
1166,GLY,1.14
1167,LYS,1.153
1168,THR,0.652
1169,VAL,0.331
1170,GLU,4.2
1171,GLU,5.568
1172,ALA,0.498
1173,LEU,0.936
1174,THR,1.463
1175,ILE,0.916
1176,LYS,1.085
1177,ASN,1.382
1178,THR,1.297
1179,ASP,4.5
1180,ILE,0.0
1181,ALA,0.21
1182,LYS,2.171
1183,GLU,5.097
1184,LEU,0.526
1185,CYS,1.275
1186,LEU,0.963
1187,PRO,0.067
1188,PRO,0.568
1189,VAL,0.975
1190,LYS,1.188
1191,LEU,0.065
1192,HIE,1.153
1193,CYS,0.125
1194,SER,0.071
1195,ILE,0.162
1196,LEU,0.091
1197,ALA,0.002
1198,GLU,2.881
1199,ASP,4.793
1200,ALA,0.0
1201,ILE,0.018
1202,LYS,1.694
1203,ALA,0.554
1204,ALA,0.0
1205,LEU,0.685
1206,ALA,1.109
1207,ASP,4.356
1208,TYR,2.277
1209,LYS,2.446
1210,LEU,1.307
1211,LYS,2.502
1212,GLN,5.347
1213,LEU,1.678
1214,ASP,2.797
1215,GLU,4.951
1216,THR,1.676
1217,THR,0.957
1218,TYR,0.155
1219,GLU,5.704
1220,ARG,0.959
1221,LEU,0.082
1222,ALA,0.034
1223,GLU,3.867
1224,GLU,4.68
1225,THR,0.051
1226,LEU,0.039
1227,ASP,5.733
1228,SER,0.867
1229,LEU,0.02
1230,ALA,0.274
1231,GLU,4.92
1232,PHE,0.582
1233,PHE,0.015
1234,GLU,4.21
1235,ASP,5.249
1236,LEU,0.135
1237,ALA,0.588
1238,ASP,4.687
1239,LYS,0.848
1240,PRO,1.114
1241,TYR,1.638
1242,THR,0.846
1243,PHE,0.658
1244,GLU,5.552
1245,ASP,3.672
1246,TYR,1.065
1247,ASP,4.125
1248,VAL,1.102
1249,SER,1.266
1250,PHE,1.504
1251,GLY,0.753
1252,SER,2.014
1253,GLY,0.567
1254,VAL,0.461
1255,LEU,0.0
1256,THR,0.953
1257,VAL,0.026
1258,LYS,1.215
1259,LEU,0.755
1260,GLY,0.275
1261,GLY,1.246
1262,ASP,6.85
1263,LEU,1.238
1264,GLY,0.483
1265,THR,1.554
1266,TYR,0.306
1267,VAL,0.396
1268,ILE,0.001
1269,ASN,1.187
1270,LYS,1.669
1271,GLN,0.566
1272,THR,1.317
1273,PRO,0.792
1274,ASN,1.595
1275,LYS,2.266
1276,GLN,0.719
1277,ILE,0.0
1278,TRP,0.214
1279,LEU,0.001
1280,SER,0.766
1281,SER,0.727
1282,PRO,1.261
1283,SER,1.607
1284,SER,1.293
1285,GLY,0.047
1286,PRO,1.165
1287,LYS,0.959
1288,ARG,1.7
1289,TYR,0.74
1290,ASP,4.576
1291,TRP,2.018
1292,THR,1.112
1293,GLY,1.37
1294,LYS,1.979
1295,ASN,1.296
1296,TRP,0.409
1297,VAL,0.411
1298,TYR,1.323
1299,SER,2.095
1300,HIE,2.123
1301,ASP,5.017
1302,GLY,1.486
1303,VAL,1.583
1304,SER,0.864
1305,LEU,0.001
1306,HIE,1.629
1307,GLU,6.025
1308,LEU,0.111
1309,LEU,0.034
1310,ALA,0.077
1311,ALA,0.544
1312,GLU,1.987
1313,LEU,0.009
1314,THR,0.901
1315,LYS,2.073
1316,ALA,0.837
1317,LEU,0.994
1318,LYS,2.41
1319,THR,0.974
1320,LYS,2.941
1321,LEU,0.871
1322,ASP,4.975
1323,LEU,0.763
1324,SER,1.6
1325,SER,2.343
1326,LEU,0.576
1327,ALA,0.969
1328,TYR,1.982
1329,SER,1.664
1330,GLY,4.453
1331,LEU,1.841
1332,ASP,2.683
1333,GLU,4.736
1334,THR,1.637
1335,THR,0.749
1336,TYR,0.073
1337,GLU,4.646
1338,ARG,0.878
1339,LEU,0.094
1340,ALA,0.046
1341,GLU,4.52
1342,GLU,5.437
1343,THR,0.011
1344,LEU,0.033
1345,ASP,5.717
1346,SER,1.018
1347,LEU,0.004
1348,ALA,0.15
1349,GLU,5.095
1350,PHE,0.541
1351,PHE,0.01
1352,GLU,4.33
1353,ASP,5.119
1354,LEU,0.049
1355,ALA,0.657
1356,ASP,4.708
1357,LYS,0.593
1358,PRO,1.233
1359,TYR,1.9
1360,THR,0.657
1361,PHE,0.665
1362,GLU,4.985
1363,ASP,3.632
1364,TYR,0.537
1365,ASP,3.128
1366,VAL,1.066
1367,SER,1.179
1368,PHE,1.472
1369,GLY,0.716
1370,SER,1.979
1371,GLY,0.614
1372,VAL,0.381
1373,LEU,0.026
1374,THR,0.955
1375,VAL,0.018
1376,LYS,0.859
1377,LEU,0.576
1378,GLY,0.678
1379,GLY,1.301
1380,ASP,6.495
1381,LEU,1.078
1382,GLY,0.505
1383,THR,1.637
1384,TYR,0.232
1385,VAL,0.298
1386,ILE,0.056
1387,ASN,1.108
1388,LYS,1.656
1389,GLN,0.195
1390,THR,1.235
1391,PRO,1.181
1392,ASN,1.835
1393,LYS,1.929
1394,GLN,0.272
1395,ILE,0.0
1396,TRP,0.41
1397,LEU,0.0
1398,SER,0.519
1399,SER,0.783
1400,PRO,1.28
1401,SER,1.585
1402,SER,0.649
1403,GLY,0.057
1404,PRO,0.986
1405,LYS,0.981
1406,ARG,1.702
1407,TYR,0.433
1408,ASP,4.59
1409,TRP,1.766
1410,THR,1.14
1411,GLY,1.505
1412,LYS,1.958
1413,ASN,1.297
1414,TRP,0.359
1415,VAL,0.55
1416,TYR,1.213
1417,SER,1.584
1418,HIE,2.25
1419,ASP,5.594
1420,GLY,1.287
1421,VAL,0.282
1422,SER,1.032
1423,LEU,0.013
1424,HIE,1.412
1425,GLU,6.016
1426,LEU,0.112
1427,LEU,0.0
1428,ALA,0.087
1429,ALA,0.505
1430,GLU,2.253
1431,LEU,0.006
1432,THR,0.605
1433,LYS,1.924
1434,ALA,0.918
1435,LEU,0.798
1436,LYS,2.368
1437,THR,0.653
1438,LYS,2.922
1439,LEU,0.524
1440,ASP,5.061
1441,LEU,0.466
1442,SER,1.695
1443,SER,2.35
1444,LEU,0.528
1445,ALA,0.821
1446,TYR,2.081
1447,SER,1.476
1448,GLY,4.498
