resid,traj_1,traj_2,traj_3,traj_4,traj_5,traj_6,traj_7,traj_8,traj_9,traj_10
1,1.918,2.209,2.089,2.173,2.291,2.323,2.119,2.371,2.007,2.098
2,0.97,0.597,0.711,0.685,0.291,0.436,0.545,0.314,0.593,0.73
3,0.063,0.11,0.12,0.078,0.05,0.045,0.096,0.043,0.165,0.088
4,0.014,0.015,0.01,0.005,0.002,0.019,0.006,0.006,0,0.021
5,1.858,1.707,1.577,1.701,1.811,1.634,1.957,1.977,1.956,1.922
6,1.038,0.169,0.069,0.91,0.202,0.685,0.455,0.078,0.138,0.035
7,3.453,2.978,1.584,2.072,1.857,2.457,2.507,2.356,2.527,3.149
8,0.737,0.508,0.642,0.771,0.565,0.886,0.753,0.641,0.799,0.403
9,1.322,0.762,1.456,0.892,1.086,0.806,1.64,1.061,0.797,0.883
10,0.652,0.856,0.732,0.303,0.429,0.329,0.776,0.895,0.655,0.565
11,0.394,0.152,0.423,0.425,0.136,0.25,0.449,0.079,0.118,0.079
12,0.874,0.86,0.699,0.109,0.698,0.799,0.657,0.403,0.779,0.71
13,0.156,0.054,0.01,0.015,0.033,0.021,0.058,0.037,0.036,0.024
14,0.516,0.486,0.547,0.417,0.414,0.49,0.424,0.04,0.614,0.608
15,0.045,0.404,1.316,1.785,1.553,1.825,0.529,0.5,1.082,1.796
16,0.051,0.074,0.072,0.069,0.056,0.1,0.085,0.09,0.056,0.081
17,0.975,1.15,1.207,1.229,1.28,1.287,1.2,1.189,1.207,1.315
18,0,0,0,0.005,0.001,0.008,0.003,0.001,0.005,0.004
19,0.036,0.101,0.056,0.159,0.129,0.086,0.098,0.059,0.067,0.056
20,2.462,2.401,2.501,3.039,2.458,2.478,2.48,2.44,2.458,2.475
21,0.591,0.638,0.518,0.639,0.511,0.596,0.502,0.649,0.553,0.584
22,0.004,0,0,0,0.004,0,0.001,0.001,0,0
23,0,0,0,0.057,0,0,0,0,0,0
24,0.047,0.028,0.05,0.045,0.046,0.038,0.057,0.033,0.035,0.035
25,1.786,1.827,1.911,1.76,1.62,1.788,1.883,1.021,1.786,1.644
26,0.68,0.845,0.802,0.406,0.182,0.856,0.74,0.063,0.791,0.95
27,1.098,1.053,0.978,0.882,0.873,0.926,0.901,0.944,0.941,1.089
28,2.278,1.995,2.021,1.356,1.716,1.867,1.686,1.465,1.878,1.897
29,2.154,1.626,1.778,1.761,1.704,1.736,1.809,1.021,2.074,1.701
30,0.926,1.161,1.09,0.899,0.709,0.998,0.951,0.926,1.625,0.982
31,0.811,0.565,0.492,0.647,0.598,0.954,1.618,0.585,0.588,0.717
32,1.585,1.525,1.716,1.199,1.351,1.58,1.595,0.988,1.444,1.202
33,0.978,0.591,0.777,0.554,0.979,0.584,1.078,0.449,0.863,0.905
34,1.683,1.165,1.247,1.627,1.296,1.43,1.498,1.877,1.697,1.434
35,1.11,0.554,0.782,0.608,1.102,2.032,1.529,0.212,1.659,1.298
36,1.926,1.514,1.603,1.421,1.837,1.595,1.782,1.434,1.84,1.731
37,2.389,1.99,1.941,1.345,2.389,1.92,2.356,1.34,1.841,2.532
38,0.738,0.371,0.385,0.011,0.434,0.288,0.479,0.012,0.429,0.45
39,0.559,0.513,0.494,0.443,0.474,0.463,0.441,0.564,0.5,0.499
40,0.339,0.498,0.596,0.726,0.841,0.644,0.917,0.372,0.682,0.902
41,0.104,0.016,0.036,0.025,0.126,0.111,0.107,0.003,0.125,0.063
42,0.864,0.829,0.907,0.821,0.864,0.728,0.867,0.81,0.868,0.828
43,4.212,3.913,3.96,4.121,3.965,4.102,3.972,3.283,5.556,4.034
44,0.409,0.231,0.266,0.435,0.045,0.213,0.003,0.001,0.289,0.149
45,4.886,4.474,4.533,4.694,5.221,4.258,5.332,4.405,4.746,4.834
46,0.535,0.603,0.588,0.625,0.542,0.63,0.604,0.631,0.486,0.614
47,0.571,0.582,0.539,0.481,0.537,0.464,0.553,0.526,0.47,0.559
48,0.052,0.027,0.062,0.049,0.05,0.019,0.065,0.031,0.043,0.056
49,4.634,4.723,4.605,4.716,4.75,4.718,4.633,4.436,4.581,4.707
50,0.953,0.937,0.919,0.965,0.958,1.03,0.923,0.951,1.053,0.914
51,0.006,0.014,0.004,0.013,0.015,0.013,0.009,0.008,0.011,0.008
52,0.311,0.324,0.391,0.307,0.351,0.359,0.403,0.257,0.337,0.366
53,1.648,1.623,1.677,1.656,1.705,1.739,1.648,1.765,1.7,1.71
54,1.915,2.007,2.157,2.054,1.712,1.937,1.841,1.98,2.118,2.172
55,0,0,0,0,0,0,0,0,0,0
56,0.04,0.017,0.023,0.019,0.025,0.034,0.023,0.035,0.05,0.042
57,1.439,1.311,1.28,1.376,1.304,1.395,1.414,1.346,1.411,1.372
58,1.188,1.229,1.208,1.18,1.165,1.168,1.188,1.279,1.155,1.266
59,0.053,0.017,0.019,0.243,0.029,0.02,0.076,0.047,0.008,0.018
60,1.137,1.241,1.121,1.127,1.15,1.09,1.231,1.209,1.219,1.189
61,0.98,0.993,0.928,0.952,0.957,0.925,0.918,0.958,0.935,0.976
62,2.524,2.853,2.784,2.552,2.534,2.751,3.227,4.301,2.511,2.994
63,0.147,0.174,0.199,0.132,0.191,0.202,0.118,0.136,0.092,0.209
64,1.86,1.609,1.955,1.839,1.559,1.568,1.785,1.582,1.746,1.595
65,3.256,2.64,3.716,3.529,3.029,2.539,2.653,3.155,3.101,3.339
66,0.603,0.651,0.619,0.675,0.593,0.661,0.638,0.687,0.632,0.659
67,0.088,0.087,0.101,0.099,0.083,0.103,0.081,0.093,0.081,0.083
68,0.007,0.001,0.006,0.03,0.21,0.013,0.016,0.048,0.058,0.002
69,0,0,0,0,0.186,0,0,0.003,0.003,0.001
70,0.683,0.241,0.004,0.028,1.171,0.829,0,0.766,0.818,1.042
71,0.083,0.006,0.002,0,0.043,0.012,0,0.051,0.015,0.094
72,0,0.001,0,0,0,0,0,0.003,0,0
73,0.684,0.292,0.459,0.403,0.654,0.441,0.639,0.541,0.326,0.583
74,0.978,0.146,0.075,0.869,0.573,0.079,0.382,0.552,0.697,0.605
75,0,0,0,0,0,0,0,0,0,0
76,0,0,0,0.066,0,0.023,0,0.001,0,0.05
77,0.45,0.195,0.373,0.595,0.374,0.436,0.352,0.364,0.222,0.39
78,0.023,0.483,0.149,0.092,0.034,0.072,0.066,0.034,0.058,0.084
79,0.009,0,0,0,0,0.042,0.235,0,0,0.001
80,0.045,0,0.015,0.001,0,0.182,0.35,0,0,0.007
81,1.262,1.095,0.675,1.201,1.3,1.438,1.444,1.357,0.73,1.499
82,0.027,0.047,0.021,0.023,0.016,0.048,0.009,0.049,0.014,0.034
83,0.099,0.049,0.016,0.008,0.052,0.067,0.249,0.282,0.004,0.006
84,0.57,0.737,0.653,0.602,0.611,0.248,0.407,0.6,0.153,0.764
85,1.622,1.254,1.386,1.712,1.477,1.663,1.343,1.54,1.635,1.499
86,0.861,0.807,0.878,0.841,1.088,0.87,0.85,0.651,1.178,0.709
87,1.507,1.576,1.331,1.727,0.9,1.005,1.4,1.367,0.734,1.815
88,2.034,1.97,1.765,2.004,1.533,1.955,1.603,2.168,1.445,2.01
89,1.198,1.236,1.886,1.624,2.074,1.701,1.675,1.234,2.056,1.593
90,1.556,1.721,1.927,1.783,1.953,1.892,1.837,1.975,1.907,1.605
91,1.499,1.316,2.023,1.678,1.804,2.104,1.56,1.634,1.352,1.674
92,1.404,1.221,1.48,1.254,1.421,1.339,1.385,1.21,1.407,1.25
93,0.14,0.312,0.311,0.319,0.248,0.898,0.19,1.094,0.477,0.144
94,0.002,0.001,0.01,0,0.001,0.032,0.007,0.021,0.023,0.002
95,0,0,0,0,0,0,0,0.002,0,0.001
96,0.012,0.065,0.009,0.264,0,0.003,0.003,0,0,0.031
97,0.032,0.542,0.068,0.113,0.005,0.07,0.006,0.009,0.014,0.12
98,2.168,2.411,2.32,2.462,2.278,2.459,2.405,2.514,2.426,2.378
99,0.558,0.913,0.406,0.45,0.371,0.987,0.364,0.567,0.034,0.489
100,0.048,2.351,0.464,0.855,0.439,1.287,0.05,0.284,0.006,0.26
101,0.339,0.508,0.425,0.437,0.361,0.319,0.288,0.4,0.331,0.485
102,1.525,1.58,1.185,1.433,1.225,1.257,1.271,1.2,1.744,1.564
103,0.033,0.017,0.017,0.046,0.035,0.026,0.032,0.05,0.021,0.289
104,0.001,0.002,0.001,0.025,0,0.001,0,0,0,0.005
105,0.196,0.248,0.204,0.349,0.26,0.152,0.353,0.183,0.17,0.273
106,3.908,3.784,3.489,4.022,4.099,3.541,4.129,4.122,3.161,4.152
107,0.002,0.017,0,0.077,0.034,0.15,0.011,0.028,0.002,0.07
108,0.14,0.204,0.039,0.654,0.075,0.55,0.004,0.064,0.023,0.232
109,1.143,1.341,1.149,1.645,1.17,1.671,1.107,1.265,1.044,1.275
110,1.025,1.187,0.962,0.921,1.01,0.869,0.872,1.033,0.746,1.049
111,0.017,0.035,0,0.088,0.025,0.12,0.019,0.024,0.015,0.052
112,5.463,4.984,3.567,5.767,4.686,5.333,3.484,4.719,5.195,4.875
113,1.38,1.313,1.351,1.326,1.309,1.421,1.262,1.319,1.297,1.321
114,4.984,4.813,4.584,3.901,5.156,3.562,5.255,5.744,5.222,4.781
115,0.991,0.866,1.048,0.794,0.935,0.859,0.892,0.802,0.848,0.892
116,1.088,1.014,0.881,1.2,0.96,1.136,0.8,0.904,0.878,0.851
117,2.096,2.202,2.037,1.952,2.057,2.699,2,2.485,2.021,1.959
118,1.235,1.226,1.249,1.22,1.206,1.265,1.195,1.285,1.303,1.204
119,0.606,0.616,0.607,0.707,0.487,0.898,0.152,1.03,0.653,0.607
120,1.611,1.577,1.409,1.836,1.347,1.635,1.288,1.374,1.665,1.689
121,0.055,0.072,0.047,0.027,0.03,0.018,0.015,0.007,0.032,0.025
122,1.099,0.947,0.626,0.815,0.423,1.034,0.164,0.543,0.515,1.058
123,1.466,1.526,1.37,1.482,1.448,1.485,1.432,1.446,1.45,1.474
124,2.072,1.992,1.902,1.854,2.083,1.985,1.981,1.967,1.972,1.996
125,2.412,2.467,2.46,2.674,2.504,2.485,2.51,2.344,2.396,2.291
126,0.791,0.755,1.019,0.858,0.847,0.789,0.833,0.87,0.826,0.855
127,0,0.381,0.08,0.006,0.009,0.343,0.003,0.181,0,0.002
128,0.326,0.114,0.146,0.091,0.117,0.09,0.149,0.182,0.149,0.103
129,0.785,0.75,0.683,0.667,0.656,0.77,0.498,0.695,0.742,0.737
130,4.068,3.639,3.377,3.729,3.499,3.806,3.127,3.345,3.568,3.861
131,0.347,0.429,0.498,0.427,0.561,0.432,0.396,0.374,0.381,0.426
132,1.564,1.803,1.865,1.876,1.819,1.883,1.851,1.84,1.783,1.704
133,5.812,5.845,5.451,5.833,5.795,5.804,5.32,5.348,5.584,5.96
134,0,0.001,0.001,0,0.005,0.002,0.018,0.004,0,0
135,4.757,5.079,5.195,4.851,4.884,4.682,4.786,4.523,4.701,4.956
136,1.23,1.126,0.911,0.848,1.04,0.876,1.105,0.833,1.171,1.167
137,0.725,0.605,0.742,0.789,0.676,0.217,0.701,0.335,0.661,0.76
138,1.102,0.831,0.728,0.714,1.028,0.559,1.088,0.441,0.825,1.083
139,1.907,2.175,2.529,2.58,2.336,2.026,2.268,1.936,2.207,2.426
140,0.858,0.767,0.85,0.804,0.825,1.204,0.739,1.105,0.722,0.822
141,3.796,3.844,3.918,3.69,4.2,4.351,4.233,4.705,3.869,3.539
142,0.653,0.68,0.67,0.707,0.52,0.967,0.546,1.049,0.578,0.552
143,0.537,0.649,0.647,0.43,0.596,0.692,0.687,0.511,0.657,0.577
144,0.011,0,0.004,0,0,0.025,0.05,0,0,0.001
145,0,0,0,0,0,0,0,0,0,0
146,0,0.182,0,0.379,0,0,0,0,0,0
147,0,0.066,0,0.063,0,0.004,0,0.001,0,0
148,0,0.633,0.157,0.077,0.082,0.535,0.004,0.138,0,0.006
149,0.532,0.277,0.48,0.344,0.364,0.25,0.349,0.578,0.173,0.441
150,0.016,0.87,0.036,0.343,0.179,0.026,0.057,0.696,0.006,0.009
151,0.117,0.496,0.351,0.216,0.247,0.523,0.396,0.122,0.032,0.196
152,1.622,1.183,1.214,1.412,0.74,1.822,1.39,1.32,0.926,1.836
153,2.378,3.601,2.481,3.432,3.424,4.381,3.296,3.847,4.277,2.668
154,0.755,0.745,0.727,0.765,0.701,0.507,0.676,0.696,1.008,0.817
155,0.016,0.018,0.013,0.048,0.007,0.016,0.018,0.004,0.005,0.017
156,0.001,0.014,0.01,0.011,0.004,0.009,0.01,0.007,0.006,0.008
157,2.181,2.168,2.155,2.231,2.194,2.167,2.244,2.213,2.164,2.143
158,0.672,0.91,0.69,0.558,0.638,0.87,0.46,0.836,0.233,0.594
159,0.037,0.053,0.039,0.033,0.038,0.037,0.037,0.046,0.052,0.043
160,0.062,0.081,0.249,0.091,0.297,0.03,0.348,0.545,0.048,0.065
161,0.912,0.816,0.961,1.009,1.078,0.827,1.109,0.981,0.841,0.732
162,4.43,4.431,4.611,4.367,4.339,4.537,4.246,4.15,4.392,4.414
163,0,0,0,0,0,0,0,0,0,0
164,0.017,0.018,0.051,0.037,0.036,0.017,0.059,0.046,0.04,0.022
165,1.128,0.993,1.037,1.052,1.037,1.031,1.015,1.053,1.153,1.089
166,0.057,0.135,0.092,0.048,0.068,0.068,0.058,0.019,0.076,0.113
167,0.035,0.05,0.075,0.06,0.081,0.033,0.045,0.066,0.015,0.087
168,1.062,1.208,1.128,1.196,1.093,1.121,1.132,1.139,1.044,1.216
169,1.405,1.576,1.467,1.357,1.339,1.363,1.327,1.379,1.45,1.446
170,1.841,1.752,1.765,1.724,1.723,1.534,1.725,1.461,1.487,1.802
171,2.545,2.581,2.553,2.533,2.603,2.46,2.538,2.452,2.525,2.582
172,1.027,1.007,1.038,0.99,1.02,1.096,0.995,1.087,0.982,0.9
173,1.092,0.987,0.921,0.517,0.795,1.111,1.096,0.995,0.919,0.706
174,0.01,0.006,0.02,0.013,0.023,0.014,0.024,0.012,0.011,0.007
175,0,0,0,0.001,0,0,0,0,0,0
176,0,0,0.001,0,0,0,0,0,0,0
177,0,1.384,0,0.002,1.143,0,0,1.992,0,0
178,0,0.079,0,0,0.019,0,0,0.327,0,0
179,0,0.004,0.036,0.407,0.442,0.427,0.719,0.53,0,0.18
180,1.121,1.052,2.399,1.525,1.042,1.116,1.429,1.411,1.3,0.847
181,0.004,0.002,0.011,0.006,0,0,0.002,0.009,0.001,0.001
182,0,0,0.005,0.577,0.47,0.527,0.714,0.333,0.003,0.184
183,0.537,1.707,0.59,0.707,0.754,0.926,1.86,1.242,1.075,0.651
184,1.451,1.25,2.167,2.112,1.489,1.79,2.083,1.229,2.142,1.667
185,0.876,0.962,0.933,0.903,0.896,0.848,0.933,0.904,0.927,0.959
186,1.276,1.309,1.323,1.267,1.343,1.334,1.31,1.319,1.315,1.326
187,1.197,1.274,1.227,1.085,1.255,1.29,1.162,1.241,1.172,1.322
188,3.712,3.654,3.578,4.2,3.857,3.765,3.602,3.757,3.755,3.726
189,0.674,0.601,0.564,0.566,0.487,0.467,0.254,0.701,0.654,0.511
190,2.424,2.386,2.398,2.42,2.268,2.566,2.286,2.515,2.335,2.424
191,5.998,5.873,6.217,5.994,6.305,5.706,6.309,6.307,6.176,5.829
192,0.174,0.155,0.469,0.455,0.514,0.099,0.574,0.642,0.089,0.137
193,2.136,1.912,2.034,2.202,2.078,2.016,2.277,2.326,2.055,1.851
194,0.734,0.738,0.706,0.663,0.643,0.913,0.388,0.765,0.744,0.554
195,2.459,2.869,2.777,2.376,3.409,4.312,3.218,2.391,2.651,2.664
196,0,0.001,0.002,0,0,0.003,0.002,0,0,0
197,0,0,0,0.001,0,0,0,0.001,0,0
198,0,0,0,0,0,0,0,0.703,0,0
199,0,0,0,0,0,0,0,0.096,0,0
200,0.008,0,0.033,0.001,0.005,0.009,0,0.094,0.007,0.015
201,0,0,0.011,0,0.019,0.048,0,0.001,0.025,0.019
202,0.072,0.043,0.879,0.012,0.14,0.217,0.063,0.096,0.104,0.277
204,0.307,0.6,0.304,0.712,0.781,0.766,0.784,0.258,0.636,0.755
205,0.96,0.676,0.201,0.982,0.888,1.038,0.833,0.507,0.947,1.039
206,0.82,0.835,0.638,0.054,0.786,0.913,0.658,0.285,0.8,0.77
207,0.016,0,0.004,0.002,0.237,0.448,0.003,0.003,0.225,0.119
208,1.705,1.056,1.44,1.07,1.4,1.325,1.245,0.673,1.283,1.04
209,0.219,0.061,0.539,0,0.458,0.324,0,0.518,0.442,0.709
210,0.02,0,0.311,0,0.27,0.659,0,0.113,0.303,0.328
211,0,0,0,0,0,0,0,0.006,0,0
212,0,0,0,0,0,0,0,0.001,0,0
213,0.095,0.018,0.141,0.188,0.1,0.001,0.047,0.122,0.117,0.034
214,0.67,0.55,0.929,0.753,0.408,0.799,0.414,0.832,0.392,0.571
215,0.741,0.496,0.996,0.934,0.42,0.756,0.748,0.829,0.772,0.343
216,1.499,1.114,1.749,1.589,1.321,1.657,1.409,1.522,1.749,0.919
217,0.996,1.17,1.194,0.999,1.328,1.379,1.271,1.287,1.331,1.393
218,1.443,1.168,1.159,1.811,1.137,0.987,0.912,2.077,1.567,1.076
219,1.067,0.763,1.085,0.792,0.879,1.023,0.945,0.77,1.064,0.984
220,1.459,1.588,1.494,1.516,1.39,1.61,1.416,1.593,1.572,1.695
221,0.943,0.903,1.407,1.264,0.633,0.965,1.125,0.988,1.441,0.681
222,1.273,1.035,0.811,0.856,0.976,1.016,1.172,1.569,0.812,0.897
223,1.172,1.203,1.248,1.225,1.24,1.24,1.295,1.291,1.293,1.283
224,5.14,5.658,5.729,5.632,5.181,5.656,5.219,5.196,5.47,5.484
225,1.51,1.402,1.064,1.437,1.61,1.427,1.367,1.38,1.337,1.533
226,1.331,0.758,0.903,0.852,1.047,1.029,0.862,1.263,1.106,1.317
227,1.793,0.597,1.354,0.588,0.981,0.733,1.028,1.596,0.127,1.813
228,0.317,1.12,0.42,0.414,0.662,0.197,0.206,0.783,0.546,0.184
229,1.236,1.11,1.247,1.33,1.193,1.233,1.135,0.619,1.19,1.195
230,1.078,1.435,1.401,1.117,1.268,1.009,1.252,1.26,1.187,1.058
231,0.915,1.066,1.04,1.126,1.284,1.123,1.02,1.06,1.15,1.067
232,0.608,0.433,0.667,0.637,0.86,0.627,0.512,0.551,0.501,0.403
233,2.693,2.762,2.572,2.643,2.561,2.663,2.673,2.729,2.514,2.839
234,2.085,2.016,1.99,1.983,2.058,1.887,2.008,2.119,1.96,1.99
235,1.41,0.958,1.152,0.885,1.247,0.944,1.092,1.087,0.766,1.294
236,0.789,0.807,0.848,0.036,0.274,0.508,0.427,0.857,0.062,0.71
237,0.818,0.851,1.054,0.842,0.754,0.989,0.823,0.764,0.861,1.023
238,0.728,0.27,0.643,0.029,0.862,0.237,0.27,0.491,0.018,1.314
239,0.969,1.217,1.046,1.042,0.964,0.94,1.216,1.045,0.909,1.008
240,0.676,1.06,0.717,0.438,0.617,1.291,0.656,0.328,1.042,2.081
241,0.871,0.52,0.644,0.796,1.112,0.827,0.875,1.013,0.815,0.647
242,0.006,0.008,0.004,0.007,0.02,0.004,0,0.01,0.012,0.026
243,0.813,0.83,0.836,0.891,1.038,0.722,1.23,1.141,0.59,0.635
244,0.018,0.028,0.025,0.033,0.002,0.019,0.011,0,0.015,0.015
245,0.027,0.018,0.006,0.084,0.037,0.016,0.005,0.006,0.036,0.015
246,0,0,0.001,0,0.006,0,0.005,0.003,0,0.001
247,0.478,0.443,0.443,0.435,0.398,0.397,0.491,0.433,0.43,0.458
248,0,0,0,0,0,0,0,0,0,0
249,0,0,0,0,0,0,0,0.001,0,0
250,0,0.007,0.002,0,0.002,0.002,0.001,0.008,0.004,0.005
251,0.083,0.12,0.079,0.091,0.067,0.094,0.09,0.117,0.123,0.074
252,0.226,0.579,0.223,0.344,0.355,0.464,0.454,0.083,0.403,0.408
253,0.286,0.165,0.485,0.269,0.083,0.193,0.122,0.149,0.136,0.426
254,5.547,5.7,5.471,5.61,5.286,5.756,5.506,5.872,5.821,5.647
255,0.176,0.144,0.08,0.22,0.073,0.153,0.224,0.125,0.163,0.249
256,0.138,0.063,0.215,0.077,0.102,0.206,0.108,0.032,0.129,0.071
257,3.102,3.022,3.041,3.074,2.913,3.07,2.872,2.976,3.095,3.112
258,2.86,2.432,2.406,2.696,2.597,2.458,2.722,2.323,2.483,2.722
259,1.222,0.623,1.753,1.547,1.54,0.72,1.08,0.472,0.924,1.411
260,0.395,0.796,0.801,0.442,0.256,0.192,0.588,0.868,0.484,0.507
261,4.69,5.855,3.675,4.413,4.686,5.375,4.743,5.424,4.461,4.578
262,0.486,0.562,0.904,0.753,0.538,0.669,1.263,0.708,0.747,1.32
263,2.482,2.164,0.005,3.011,2.858,2.976,2.005,1.475,1.418,2.497
264,1.541,1.118,1.216,1.667,1.872,1.828,1.135,0.655,1.868,1.194
265,1.751,1.899,2.069,1.696,1.923,1.779,1.729,1.82,1.922,1.714
266,0.906,0.833,0.526,0.938,0.942,0.816,0.739,0.887,0.474,0.548
267,0.297,0.034,0.05,0.161,0.153,0.208,0.056,0.059,0.053,0.093
268,1.368,0.907,1.28,1.266,1.399,1.148,1.023,1.04,1.175,1.153
269,1.93,1.489,1.737,1.679,2.033,2.038,1.667,1.818,1.653,1.859
270,0.034,0.045,0.002,0.043,0.05,0.046,0.025,0.044,0.069,0.016
271,0.579,0.302,0.432,0.438,0.336,0.436,0.428,0.386,0.39,0.488
272,4.86,4.26,5.166,4.636,5.09,5.019,4.88,4.411,4.175,4.652
273,1.287,1.284,1.201,0.885,1.13,1.291,1.276,1.022,1.012,1.184
274,0,0.001,0.001,0,0,0,0.003,0,0,0
275,0.109,0.083,0.073,0.056,0.065,0.273,0.176,0.275,0.072,0.051
276,2.426,2.361,2.503,2.156,2.268,2.643,2.395,2.6,2.297,2.32
277,1.927,1.877,2.005,1.64,1.707,1.956,2.042,1.61,1.794,1.871
278,0.011,0,0.004,0.002,0.004,0.009,0.001,0.006,0.003,0.003
279,1.254,1.169,1.182,1.272,1.251,1.231,1.233,1.187,1.205,1.203
280,2.464,2.481,2.592,2.465,2.438,2.538,2.435,2.419,2.429,2.434
281,1.376,1.492,1.231,1.376,1.414,1.362,1.391,1.432,1.384,1.349
282,0.904,0.881,0.925,0.871,0.93,0.869,0.881,0.859,0.889,0.928
283,0.096,0.103,0.099,0.131,0.086,0.12,0.105,0.401,0.099,0.074
284,5.137,5.153,4.522,4.74,4.785,4.472,4.953,5.191,4.505,4.967
285,1.123,1.05,1.045,1.032,1.123,1.069,1.099,1.062,1.041,1.112
286,0.109,0.159,0.148,0.145,0.143,0.133,0.132,0.144,0.148,0.115
287,1.517,1.441,1.411,1.544,1.472,1.494,1.512,1.498,1.435,1.458
288,1.744,1.483,1.846,1.81,1.862,1.958,1.837,2,1.848,1.913
289,1.625,1.339,1.491,1.465,1.45,1.649,1.456,1.516,1.69,1.602
290,2.543,2.591,3.072,2.702,2.574,2.624,2.941,2.946,2.909,2.922
291,1.215,1.198,1.327,1.298,1.308,1.397,1.309,1.323,1.236,1.265
292,1.984,2.214,2.293,2.217,2.232,1.912,2.215,2.211,2.018,2.245
293,1.054,1.249,1.236,1.109,1.238,1.073,1.044,1.086,1.097,1.224
294,1.685,1.718,1.854,1.937,1.926,1.782,1.948,1.891,1.808,1.878
295,1.44,1.068,0.931,1.302,1.174,1.029,1.115,0.464,1.75,1.258
296,0.437,0.11,0.312,0.07,0.039,0.065,0.072,0.076,0.084,0.058
297,0.006,0.019,0.052,0.04,0.126,0.005,0.076,0.063,0.002,0.005
298,0.788,0.718,0.259,0.013,0.02,0.02,0.107,0.049,0.622,0.013
299,0.107,0.035,0.044,0.002,0.001,0.005,0.013,0.013,0.013,0.001
300,0.627,0.733,0.601,0.642,0.706,0.897,0.582,0.725,0.425,0.442
301,0.016,0.006,0,0,0,0.001,0,0.001,0.003,0
302,0.048,0.316,0.073,0.146,0.155,0.244,0.171,0.4,0.164,0.092
303,0.353,0.338,0.286,0.009,0.369,0.319,0.247,0.305,0.058,0.018
304,0.031,0.027,0.027,0.046,0.035,0.035,0.038,0.162,0.036,0.049
305,2.164,1.288,1.391,1.134,1.602,0.874,1.471,1.393,1.307,1.111
306,0.977,0.8,0.786,0.021,0.884,1.07,0.677,0.751,0.563,0.261
307,1.988,1.42,1.291,0.959,1.134,0.859,0.755,1.118,0.156,0.965
308,0.189,0.097,0.089,0.015,0.152,0.023,0.087,0.135,0.086,0.09
309,3.886,4.249,4.134,5.866,4.342,5.229,4.914,4.538,5.605,4.061
310,0.135,0.014,0.069,0.089,0.079,0.318,0.089,0.039,0.22,0.071
311,0.001,0.001,0.002,0,0.001,0.002,0.001,0,0.001,0
312,0.982,0.969,0.911,0.973,0.333,0.901,0.941,0.937,1.109,0.966
313,0.977,0.893,1.141,1.014,0.808,0.831,0.9,0.993,0.951,1.008
314,0.838,0.951,0.858,0.71,0.981,0.763,0.782,0.843,0.775,0.758
315,0.409,0.429,0.662,0.572,0.481,0.273,0.421,0.345,0.531,0.416
316,2.341,2.505,2.315,2.462,2.013,2.301,2.349,2.401,2.257,2.396
317,2.755,2.306,1.69,1.738,2.009,3.725,2.165,2.398,2.9,2.016
318,0.631,0.645,0.778,0.75,0.637,0.707,0.714,0.907,0.705,0.582
319,1.071,0.038,0.108,0.087,0.395,0.27,0.007,0.014,0.22,0.003
320,0.811,0.938,0.816,0.915,0.868,0.405,0.711,0.93,1.069,0.967
321,0.712,0.907,1.638,0.847,1.138,1.106,0.989,0.967,1.01,0.368
322,1.803,1.806,1.689,1.839,1.623,1.041,2.172,1.706,1.975,0.813
323,1.017,0.885,1.089,1.207,0.891,1.336,0.984,1.089,0.839,0.179
324,1.487,0.953,1.167,1.489,1.632,1.195,1.735,1.42,1.606,0.368
325,0.889,1.157,0.644,0.915,1.158,1.086,1.166,1.25,0.795,0.798
326,1.275,0.655,0.687,1.067,1.192,1.515,0.827,1.451,1.121,1.026
327,2.008,1.715,1.479,1.075,1.455,1.881,1.163,1.199,1.583,1.284
328,1.494,2.15,1.7,1.756,1.624,1.637,1.473,1.932,1.527,1.71
329,0.86,1.279,0.332,1.272,1.093,1.025,1.067,0.742,1.119,0.553
330,1.094,1.498,2.072,1.66,1.554,1.779,2.178,1.787,2.073,1.091
331,0.761,1.044,1.55,1.337,1.312,1.244,1.394,1.227,0.888,0.964
332,4.338,3.676,4.307,3.851,4.121,6.486,2.834,2.855,5.407,3.961
333,1.165,1.251,1.217,1.209,1.163,1.238,0.791,1.167,0.356,1.093
334,0.678,1.385,1.119,1.816,1.543,0.642,1.169,1.132,1.107,0.468
335,0.676,0.901,0.524,0.822,0.593,1.048,0.715,0.794,1.039,0.885
336,0.037,0.06,0.052,0.053,0.037,0.005,0.035,0.026,0.043,0.008
337,0.03,0.043,0.075,0.144,0.063,0.019,0.028,0.03,0.034,0.061
338,1.696,1.656,1.723,1.691,1.676,1.607,1.604,1.38,1.717,1.733
339,1.274,1.338,1.235,1.307,1.263,1.396,1.227,1.296,1.314,1.329
340,0.689,0.664,0.726,0.736,0.674,0.665,0.655,0.621,0.836,0.589
341,1.293,1.131,1.248,1.192,1.188,1.252,1.129,1.088,1.161,1.08
342,1.587,1.767,1.562,1.767,1.689,0.988,1.366,1.699,1.361,1.429
343,5.426,5.285,5.029,5.384,5.076,5.171,5.071,5.284,4.952,5.368
344,5.117,4.831,4.846,4.682,5.191,4.679,4.778,4.106,4.639,5.428
345,5.205,5.364,4.72,5.165,5.597,4.541,4.754,4.914,4.654,4.576
346,0.094,0.143,0.105,0.157,0.134,0.208,0.115,0.164,0.108,0.124
347,0.402,0.68,0.472,0.432,0.504,0.631,0.721,0.797,0.634,0.516
348,1.778,1.663,1.672,1.132,1.639,1.253,1.461,1.825,1.715,1.786
349,0.177,0.139,0.104,0.412,0.107,0.162,0.173,0.184,0.153,0.128
350,1.326,1.276,1.609,1.453,1.47,1.055,1.51,1.253,1.681,1.7
351,0.016,0.036,0.038,0.028,0.044,0.005,0.024,0.034,0.045,0.035
352,1.317,1.16,1.344,1.399,0.717,1.28,1.001,1.144,0.794,0.684
353,0.002,0,0.002,0.015,0.016,0.002,0,0,0,0
354,0.751,0.655,0.051,0.452,0.597,0.698,0.724,0.56,0.727,0.062
355,0.272,0.477,0.075,0.718,0.705,0.569,0.7,0.697,0.638,0.708
356,0.331,0.268,0.102,0.273,0.51,0.415,0.106,0.112,0.574,0.033
357,0.899,1.255,1.099,1.226,1.319,1.162,0.907,1.095,0.595,1.411
358,1.44,1.558,1.219,1.583,1.419,1.356,1.562,1.426,0.744,1.611
359,1.664,1.396,0.451,1.268,1.543,0.17,1.185,1.769,1.377,0.88
360,0.052,0.141,0.085,0.078,0.097,0.493,0.059,0.065,0.053,0.058
361,2.204,3.35,2.875,2.78,2.822,3.894,3.416,2.759,3.632,2.652
362,5.185,5.528,4.624,5.2,5.288,6.168,5.179,5.129,5.537,4.695
363,3.21,3.115,3.022,3.194,3.065,2.369,3.247,2.853,1.915,2.84
364,0.004,0.053,0.032,0.003,0.014,0.009,0.075,0.008,0.02,0.008
365,4.471,5.313,4.586,4.952,5.05,4.321,4.259,5.297,5.005,4.505
366,0.644,0.527,0.454,0.521,0.557,0.779,0.582,0.599,0.705,0.617
367,0.001,0.001,0,0,0.001,0.001,0.003,0.001,0,0.001
368,0.017,0.047,0.031,0.038,0.033,0.027,0.013,0.027,0.029,0.028
369,5.678,5.647,5.721,5.74,5.779,5.838,5.799,5.651,5.617,5.984
370,0.97,1.042,0.973,0.989,1.077,1.12,1.017,1.001,1.145,1.029
371,0,0.002,0,0.001,0,0.031,0,0,0,0
372,0.257,0.235,0.276,0.26,0.213,0.665,0.254,0.366,0.33,0.363
373,2,2.25,2.201,2.441,2.151,1.919,2.285,2.117,1.982,2.239
374,0.581,0.97,0.726,1.102,0.875,0.804,0.805,0.736,0.56,0.961
375,0,0.001,0,0,0,0.003,0,0,0,0.001
376,1.397,1.56,1.67,1.972,1.756,1.48,1.696,1.533,1.603,1.492
377,1.312,1.064,1.276,1.394,1.284,1.262,1.132,1.29,1.365,1.179
378,0.911,0.023,0.401,0.032,0.373,0.61,0.179,0.205,0.093,0.319
379,0.978,0.963,0.996,1.053,1,0.526,1.211,0.992,0.846,0.946
380,5.139,5.711,5.797,5.801,5.566,4.701,5.613,5.536,5.606,5.586
381,0.054,0.049,0.032,0.026,0.044,0.057,0.033,0.028,0.021,0.031
382,0.795,0.427,0.709,0.737,0.575,0.106,0.692,0.651,0.474,0.535
383,0.863,0.855,0.461,0.895,0.87,0.842,1.086,0.913,0.888,0.765
384,0.866,0.817,0.626,0.884,0.692,0.82,0.408,0.598,0.43,0.834
385,1.465,1.57,1.627,1.456,1.216,1.391,1.338,1.044,1.131,1.54
386,3.873,4.342,4.62,3.947,4.884,3.972,5.409,4.653,3.932,4.175
387,1.334,0.679,1.061,0.709,1.399,1.469,1.07,0.598,0.525,1.332
388,0.336,1.134,1.35,1.087,0.685,1.053,0.748,0.982,0.846,0.721
389,2.738,3.074,2.475,2.892,2.99,2.764,2.665,3.139,2.793,3.055
390,5.34,5.921,5.909,5.369,5.873,5.963,5.66,6.011,6.272,5.388
391,1.407,1.337,1.576,1.167,1.555,1.66,1.373,1.354,1.367,1.316
392,0.143,1.287,0.962,0.966,1.123,1.078,1.085,1.098,0.962,0.988
393,5.434,4.07,5.215,5.714,4.707,4.092,3.943,3.52,4.054,3.953
394,1.049,1.241,0.823,1.599,0.888,1.096,0.629,0.9,0.988,0.773
395,2.347,2.285,2.127,2.186,2.374,2.286,2.127,2.162,2.209,2.371
396,1.643,1.631,1.23,2.054,1.626,1.507,1.441,1.427,1.311,1.455
397,0.995,1.162,1.102,1.144,1.092,1.029,0.992,1.015,1.157,1.055
398,2.678,2.652,2.648,2.23,2.592,2.529,2.533,2.652,2.694,2.601
399,1.148,1.35,1.559,1.373,1.387,1.671,1.381,1.435,1.274,1.223
400,1.592,1.595,2.068,1.668,1.66,1.149,1.955,1.873,1.406,1.304
401,2.676,2.824,2.711,2.615,3.299,2.64,3.042,3.079,2.719,2.773
402,5.754,3.485,4.257,3.665,4.236,5.181,4.238,4.993,3.606,3.541
403,2.462,2.359,2.919,2.024,2.634,2.201,2.745,2.591,2.357,2.498
404,1.492,1.403,1.209,1.329,1.185,1.521,1.441,1.42,1.36,1.361
405,0.702,0.781,0.686,0.7,0.798,0.722,0.699,0.769,0.771,0.704
406,1.388,1.667,2.216,1.539,1.925,1.627,1.866,1.355,1.866,1.283
407,0.117,0.105,0.049,0.177,0.038,0.127,0.179,0.032,0.059,0.062
408,0.248,0.221,0.289,0.243,0.197,0.235,0.247,0.299,0.274,0.294
409,0.683,0.704,0.696,0.691,0.753,0.743,0.728,0.729,0.706,0.668
410,0.063,0.076,0.065,0.069,0.078,0.067,0.068,0.084,0.078,0.09
411,0.877,0.873,0.947,0.819,0.973,0.809,0.828,0.952,0.901,0.843
412,1.283,1.288,1.448,1.28,1.288,1.366,1.325,1.288,1.385,1.335
413,0.319,0.196,0.303,0.29,0.226,0.25,0.259,0.308,0.289,0.213
414,0.033,0.037,0.014,0.044,0.025,0.042,0.043,0.012,0.038,0.017
415,0.326,0.259,0.233,0.353,0.278,0.344,0.327,0.242,0.32,0.345
416,1.651,1.518,1.555,1.67,1.577,1.625,1.584,1.585,1.671,1.465
417,2.698,2.703,2.021,2.804,2.501,2.851,2.868,2.938,2.839,2.478
418,0.009,0.021,0.167,0.013,0.003,0.004,0.009,0.006,0.009,0.034
419,2.274,2.227,2.337,2.295,2.297,2.189,2.235,2.221,2.27,2.328
420,1.523,1.621,1.626,1.689,1.726,1.662,1.712,1.475,1.405,1.544
421,0.306,0.319,0.303,0.282,0.273,0.3,0.307,0.296,0.288,0.292
422,1.413,1.491,1.655,1.746,1.478,1.745,1.62,1.309,1.307,1.426
423,0.323,0.241,0.252,0.24,0.296,0.258,0.263,0.229,0.184,0.192
424,0.574,0.721,0.48,0.773,0.912,0.81,0.718,0.544,0.697,0.752
425,1.126,1.198,1.532,1.082,1.125,1.384,1.06,1.497,1.776,0.803
426,0.286,0.382,0.532,0.492,0.406,0.32,0.418,0.305,0.496,0.505
427,0.796,0.872,0.816,0.955,0.405,0.698,0.789,0.98,0.867,0.738
428,0.837,1.015,0.78,0.965,0.898,1.193,0.923,0.813,0.558,0.809
429,0.047,0.1,0.314,0.174,0.048,0.154,0.189,0.116,0.078,0.13
430,0.077,0.067,0.396,0.065,0.048,0.058,0.081,0.059,0.074,0.09
431,0.41,0.517,0.881,0.489,0.571,0.56,0.447,0.195,0.252,0.522
432,0.981,0.954,1.77,1.09,0.775,0.752,1.182,1.125,1.077,1.277
433,0.714,0.714,0.594,0.667,0.513,0.63,0.641,0.559,0.569,0.578
434,0.257,0.343,0.083,0.474,0.229,0.378,0.311,0.124,0.261,0.145
435,1.31,1.189,1.718,1.307,1.305,1.402,1.377,1.301,1.421,1.384
436,3.214,2.61,3.978,3.423,3.012,3.14,3.8,3.32,3.309,3.666
437,0.185,0.293,0.938,0.168,0.335,0.834,0.549,0.508,0.262,0.477
438,0.869,0.788,0.664,0.631,0.771,0.891,0.805,0.838,0.856,0.99
439,1.445,1.589,0.934,1.373,1.75,1.685,1.424,1.658,1.441,1.508
440,5.712,5.646,4.756,5.387,5.977,5.589,5.087,5.227,5.516,5.19
441,2.435,2.408,1.891,2.423,2.5,2.849,2.252,2.717,2.488,2.533
442,2.305,2.242,2.132,2.244,2.212,2.32,2.265,2.159,2.304,2.302
443,2.539,2.532,1.722,2.531,2.806,2.563,2.615,2.499,2.523,2.838
444,0.748,0.626,0.716,0.78,0.923,1.03,1.115,0.902,0.842,1.011
445,2.87,2.824,2.964,2.842,2.843,2.869,2.825,2.889,2.814,2.888
446,4.023,4.072,4.129,3.915,3.961,3.849,4.121,3.852,3.91,3.829
447,0.73,0.827,0.759,0.807,0.821,0.874,0.722,0.846,0.79,0.868
448,0.317,0.313,0.318,0.299,0.296,0.325,0.347,0.271,0.347,0.306
449,5.801,5.877,5.846,5.732,5.773,5.717,5.766,5.813,5.71,5.812
450,0.065,0.067,0.074,0.077,0.089,0.078,0.099,0.077,0.103,0.09
451,2.111,2.044,2.046,1.982,2.043,1.922,2.109,2.067,2.029,1.99
452,1.083,1.03,1.04,1.034,1.079,1.002,1.103,1.01,1.03,1.079
453,0.205,0.224,0.21,0.251,0.278,0.314,0.205,0.176,0.23,0.205
454,0.068,0.064,0.173,0.067,0.064,0.059,0.109,0.079,0.08,0.068
455,2.239,2.254,2.233,2.268,2.203,2.178,2.278,2.225,2.347,2.246
456,1.107,1.248,1.137,1.175,1.078,1.26,1.231,1.157,1.034,1.184
457,0.042,0.04,0.012,0.059,0.022,0.048,0.035,0.018,0.029,0.023
458,2.178,2.193,2.134,2.19,2.157,2.17,2.159,2.189,2.151,2.131
459,1.387,1.289,1.388,1.308,1.399,1.355,1.232,1.329,1.468,1.224
460,3.086,3.348,3.148,3.325,3.357,3.502,3.166,3.199,3.261,3.136
461,0.045,0.041,0.053,0.066,0.054,0.043,0.053,0.062,0.069,0.06
462,0.526,0.47,0.484,0.455,0.651,0.396,0.4,0.36,0.486,0.567
463,0.123,0.09,0.104,0.097,0.104,0.112,0.092,0.088,0.115,0.099
464,0.078,0.109,0.122,0.129,0.134,0.13,0.122,0.138,0.109,0.129
465,1.583,1.505,1.174,1.371,1.571,1.393,1.391,1.468,1.577,1.369
466,0.672,0.584,0.604,0.678,0.611,0.649,0.629,0.61,0.621,0.606
467,1.318,1.387,1.377,1.593,1.506,1.405,1.364,1.437,1.303,1.275
468,0.396,0.472,0.666,0.613,0.623,0.569,0.591,0.478,0.39,0.4
469,1.086,0.974,0.95,1.14,1.011,1.006,1.001,1.278,1.022,0.93
470,0.011,0.025,0.004,0.01,0.004,0.01,0.007,0.038,0.025,0.002
471,0.23,0.329,0.321,0.519,0.368,0.432,0.399,0.688,0.32,0.226
472,3.058,2.906,3.014,2.918,2.937,2.957,2.919,2.973,2.932,2.983
473,1.028,0.906,0.942,0.915,0.964,0.845,0.945,0.949,0.873,0.923
474,0.758,0.835,0.571,0.689,0.878,0.754,0.775,0.861,0.729,0.563
475,1.985,1.899,1.942,2.137,2.101,2.083,2.011,2.016,2.074,1.949
476,1.955,1.496,1.794,1.71,1.564,1.74,1.738,1.745,1.798,1.773
477,4.233,4.513,4.06,4.035,3.799,4.101,3.655,4.372,4.958,4.006
478,1.289,1.449,1.34,1.299,1.679,1.715,1.358,1.714,1.374,1.316
479,0.637,0.511,0.92,0.488,0.677,0.528,0.655,0.774,0.526,0.516
480,1.362,1.139,1.17,1.14,1.113,1.157,1.15,1.172,1.16,1.125
481,1.034,1.176,0.804,1.218,1.117,1.138,1.021,0.845,0.991,1.171
482,5.377,4.937,5.179,4.419,4.855,4.833,4.711,4.861,4.89,4.358
483,6.228,6.493,5.914,6.555,6.744,6.511,6.42,6.055,6.406,6.389
484,3.227,3.147,2.916,3.078,3.033,2.947,3.146,3.282,2.938,2.934
485,0.784,0.794,0.766,0.914,1.946,0.858,0.9,0.761,0.923,0.829
486,2.059,1.947,2.197,2.015,1.437,1.935,1.916,2.016,1.566,2.018
487,1.138,0.981,1.312,1.747,1.174,1.21,1.045,1.034,1.515,1.073
488,0.037,0.042,0.037,0.385,0.32,0.395,0.165,0.061,0.691,0.097
489,0.105,0.12,0.087,0.084,0.302,0.146,0.256,0.094,0.116,0.098
490,3.981,4.044,4.005,4.34,4.515,4.364,4.232,4.123,4.246,4.092
491,0.439,0.443,1.099,1.315,1.271,1.091,1.612,0.452,1.467,0.49
492,0.976,0.614,0.978,1.009,0.693,1.233,0.921,0.881,0.537,0.727
493,5.565,6.034,5.685,5.55,6.162,6.212,5.661,5.592,5.764,5.595
494,2.113,2.066,2.079,2.037,2.536,2,2.439,2.02,2.14,2.095
495,1.186,1.007,1.47,1.207,1.211,1.443,1.102,1.096,0.987,1.126
496,0.808,0.976,1.148,0.808,1.228,1.109,1.246,0.537,1.714,0.672
497,1.931,1.92,1.794,1.295,1.728,1.918,1.327,1.38,1.573,1.771
498,1.651,1.552,1.469,1.479,1.529,1.506,1.25,1.556,1.354,1.544
499,0.895,0.905,0.9,0.893,0.89,0.891,0.826,0.909,0.894,0.896
500,1.499,1.919,2.049,1.931,1.813,1.888,2.106,1.986,1.968,1.657
501,0.619,0.924,0.999,0.965,0.97,0.911,1.055,0.832,0.896,0.929
502,4.56,4.31,5.411,4.065,4.564,4.711,4.097,4.528,4.903,4.597
503,2.533,2.608,2.209,2.4,2.457,2.499,2.567,2.481,2.493,2.39
504,1.643,1.53,1.638,1.509,1.698,1.752,1.648,1.572,1.519,1.549
505,1.67,1.399,1.481,1.375,1.754,1.817,1.188,1.587,1.903,1.582
506,2.205,2.037,2.122,2.553,2.289,2.134,2.397,2.138,2.15,2.082
507,1.236,1.306,1.2,1.358,1.047,1.013,1.677,1.463,1.53,1.363
508,1.218,0.742,0.878,1.197,1.096,1.156,1.23,1.038,1.184,1.063
509,0.01,0.015,0.013,0.012,0.019,0.02,0.007,0.017,0.012,0.015
510,1.482,1.586,1.435,1.555,1.565,1.492,1.483,1.536,1.493,1.553
511,0.014,0.017,0.014,0.019,0.012,0.014,0.01,0.017,0.021,0.01
512,1.251,1.376,1.371,1.082,1.322,1.209,1.293,1.322,1.375,1.256
513,0.06,0.071,0.077,0.084,0.173,0.093,0.065,0.052,0.051,0.143
514,0.6,0.71,0.963,0.687,0.91,0.679,1.166,1.115,0.866,0.319
515,0.093,0.129,0.126,0.075,0.114,0.05,0.084,0.169,0.011,0.111
516,0.796,0.921,1.027,0.206,0.888,1.105,0.326,0.856,0.094,0.71
517,1.531,0.603,0.897,0.919,1.008,0.94,0.601,1.089,0.727,1.323
518,1.397,1.039,1.189,1.224,1.104,1.139,1.235,1.257,1.015,0.967
519,0.055,0.047,1.263,0.005,0.055,0.07,0.016,0.059,0.014,0.003
520,1.664,2.164,1.418,3.109,2.918,2.234,2.293,2.293,2.538,1.914
521,0.006,0.007,0.02,0.023,0.033,0,0.013,0.005,0,0.005
522,0,0,0.012,0.079,0.012,0,0.014,0,0.003,0.015
523,1.145,1.135,1.342,1.245,1.199,1.338,1.431,1.26,1.186,1
524,0,0,0.001,0,0,0,0,0,0.002,0
525,0.207,0.481,0.687,0.478,0.48,0.529,0.724,0.386,0.617,0.386
526,0,0.01,0,0,0.003,0,0.001,0,0,0
527,1.773,1.739,1.796,1.762,1.742,1.788,1.813,1.847,1.828,1.837
528,1.017,0.854,1.105,0.879,0.914,0.939,1.029,1.112,1.119,1.033
529,5.336,5.148,5.365,2.911,5.306,5.331,5.082,5.434,5.148,5.295
530,5.686,4.695,5.695,5.773,5.471,5.853,4.963,5.941,5.106,5.391
531,2.629,2.499,2.68,2.427,2.618,2.621,2.592,2.652,2.619,2.511
532,0.174,0.165,0.19,0.161,0.159,0.193,0.262,0.195,0.187,0.173
533,1.336,1.113,1.352,1.271,1.318,1.336,1.101,1.436,1.113,1.293
534,0.207,0.188,0.107,0.081,0.177,0.145,0.227,0.102,0.17,0.164
535,1.223,1.259,1.226,1.272,1.214,1.217,1.174,1.249,1.19,1.247
536,2.922,3.035,3.073,3.154,2.997,2.854,3.322,3.028,3.016,3.157
537,0.675,0.78,0.61,0.71,0.554,0.519,0.372,0.563,0.755,0.691
538,1.043,1.156,1.087,1.121,1.052,1.152,0.874,1.138,1.082,1.133
539,0.045,0.091,0.135,0.053,0.048,0.095,0.03,0.022,0.048,0.038
540,0.302,0.98,0.857,1.015,0.851,0.308,1.006,0.942,0.984,0.968
541,0.429,0.003,0.336,0.044,0.383,0.592,0.028,0.133,0.179,0.282
542,0.348,0.091,0.421,0.236,0.183,0.041,0.077,0.063,0.016,0.167
543,0.545,0,0.794,0.22,0.25,0.219,0.007,0.109,0.099,0.448
544,0.165,0.365,0.784,0.689,0.54,0.349,0.545,0.404,0.406,0.684
545,0.065,0.186,0.15,0.53,0.23,0.566,0.504,0.185,0.947,0.144
546,1.059,1.111,0.968,0.857,0.995,1.084,1.107,0.916,1.208,0.951
547,0.008,0.002,0.011,0.024,0.072,0.002,0.004,0.014,0.004,0.004
548,0.035,0.001,0.008,0.016,0.055,0.023,0.006,0.003,0.022,0.007
549,0,0,0,0.061,0.022,0.014,0.015,0.001,0.027,0.002
550,0,0,0.001,0.004,0.002,0,0.002,0,0,0
551,0,0,0.006,0.174,0.029,0,0.037,0,0,0
552,0.068,0.036,0.819,0.151,0.748,0.866,0.819,0.001,0.774,0.041
553,0.021,0.027,0.031,0.044,0.052,0.075,0.05,0.074,0.044,0.015
554,0,0,0,0,0,0,0,0.001,0,0
555,0.221,0.212,0.22,0.138,0.229,0.264,0.123,0.075,0.211,0.207
556,5.14,5.084,4.916,4.53,4.355,4.941,3.839,4.745,4.653,4.998
557,0.581,0.513,0.498,0.577,0.493,0.494,0.511,0.621,0.552,0.543
558,0.018,0,0,0,0,0.001,0,0,0,0
559,1.908,1.832,1.927,1.85,1.856,1.974,1.874,1.822,1.971,1.915
560,1.089,1.121,1.094,1.118,1.074,1.138,1.162,1.065,1.089,1.111
561,1.142,1.152,1.061,1.054,1.042,1.067,1.101,1.087,1.068,1.159
562,0.612,0.656,0.614,0.74,0.633,0.683,0.712,0.653,0.615,0.662
563,0.395,0.351,0.614,0.38,0.521,0.46,0.356,0.455,0.461,0.427
564,4.437,4.419,4.581,4.358,4.21,4.409,4.454,4.367,4.228,4.582
565,5.431,5.429,5.091,5.618,5.433,5.359,5.525,5.697,5.477,5.454
566,0.465,0.538,0.421,0.394,0.39,0.309,0.404,0.468,0.534,0.457
567,0.998,1.177,1.109,1.015,1.064,1.051,1.1,0.955,1.146,1.225
568,1.32,1.336,1.434,1.317,1.329,1.362,1.397,1.406,1.342,1.337
569,1.089,1.172,1.094,0.827,0.982,0.861,0.983,0.837,1.151,1.135
570,1.07,1.096,1.194,1.018,1.136,1.162,1.147,1.163,1.189,1.175
571,1.61,1.603,1.588,1.271,1.702,1.339,1.632,1.634,1.609,1.616
572,1.301,1.359,1.286,1.448,1.321,1.37,1.277,1.381,1.252,1.207
573,4.143,4.309,4.72,4.139,4.223,4.585,4.326,4.188,4.488,4.405
574,0,0,0,0,0.001,0,0,0.001,0,0
575,0.268,0.25,0.225,0.243,0.242,0.262,0.284,0.251,0.21,0.247
576,2.263,2.282,2.322,2.318,2.245,2.295,2.329,2.275,2.339,2.327
577,5.06,4.836,4.6,4.89,5.088,4.912,5.416,4.962,5.543,4.69
578,0.665,0.516,0.603,0.048,0.538,0.616,0.54,0.266,0.763,0.39
579,1.31,1.32,1.426,1.014,1.181,1.392,1.287,1.15,1.351,1.322
580,1.009,1.115,1.04,0.969,1.022,1.094,1.064,1.027,1.014,1.032
581,0.089,0.094,0.077,0.061,0.044,0.065,0.097,0.095,0.093,0.09
582,0.848,0.551,0.922,0.536,0.681,0.557,0.569,0.75,0.705,0.819
583,0.9,0.846,0.894,0.854,0.887,1.008,0.78,0.917,0.776,0.765
584,1.247,1.262,1.209,1.285,1.17,1.22,1.287,1.176,1.187,0.973
585,0.131,0.175,0.12,0.04,0.181,0.144,0.104,0.105,0.119,0.084
586,0.923,1.257,1.173,1.479,0.959,1.132,1.158,1.113,0.928,0.894
587,0.031,0.11,0.07,0.633,0.251,0.085,0.147,0.058,0.135,0.101
588,0.102,0.134,0.129,0.022,0.196,0.078,0.143,0.165,0.169,0.147
589,0.379,0.181,0.444,0.311,0.263,0.105,0.283,0.282,0.194,0.255
590,0.106,0.085,0.149,0.291,0.157,0.107,0.085,0.106,0.087,0.161
591,0,0,0.001,0.071,0.01,0,0.006,0,0,0
592,2.744,2.417,2.508,2.72,2.591,2.415,2.64,2.694,2.288,2.522
593,5.457,5.28,5.287,5.17,5.297,4.31,5.267,5.429,5.22,5.353
594,0,0,0,0,0,0,0,0,0,0
595,0.012,0.008,0.015,0.012,0.006,0.01,0.015,0.013,0.011,0.009
596,1.584,1.508,1.452,1.567,1.432,1.371,1.484,1.594,1.493,1.431
597,0.498,0.576,0.553,0.59,0.512,0.527,0.55,0.546,0.56,0.561
598,0,0,0,0,0,0,0,0,0,0
599,0.416,0.262,0.351,0.872,0.453,0.434,0.347,0.403,0.367,0.397
600,0.55,0.622,0.536,0.823,0.684,0.555,0.581,0.595,0.612,0.591
601,3.712,3.533,3.302,3.738,3.623,3.733,3.559,3.315,3.346,3.533
602,1.584,1.41,1.528,2.037,1.744,1.582,1.316,1.501,1.621,1.48
603,2.132,1.928,1.884,2.62,2.149,2.152,1.736,1.84,2.086,1.955
604,1.195,1.288,1.302,1.195,1.237,1.316,1.354,1.234,1.125,1.301
605,2.154,1.916,1.724,2.17,2.162,1.816,2.021,1.923,2.059,1.992
606,6.18,5.615,5.894,6.462,5.906,6.04,6.111,5.925,6.111,5.964
607,2.361,2.252,1.973,1.988,1.992,2.036,2.005,1.913,2.276,1.867
608,0.428,0.362,0.667,0.629,0.662,0.735,0.616,0.58,1.141,0.607
609,0.028,0.061,0.09,0.055,0.138,0.077,0.05,0.055,0.116,0.048
610,0.004,0.008,0.03,0.046,0.007,0.015,0.017,0.01,0.008,0.008
611,1.85,2.222,1.887,1.123,1.776,2.121,2.255,1.34,1.534,1.572
612,0.096,0.042,0.009,0.006,0.116,0.689,0.587,0.124,0.033,0.058
613,2.534,2.711,2.915,0.486,2.648,2.798,3.136,0.029,4.017,1.467
614,0.504,0.612,0.628,0.482,0.718,0.623,0.792,0.472,0.396,0.678
615,1.109,0.85,1.109,1.991,1.131,0.777,1.409,2.422,1.689,1.419
616,0.763,0.913,1.057,0.792,0.684,0.703,0.523,0.779,1.12,0.696
617,0.127,0.882,0.726,0.123,0.072,0.062,0.238,0.019,0.328,0.234
618,1.775,0.881,0.734,0.045,0.835,0.798,0.016,0.039,0.937,0.785
619,0.057,0.057,0.019,0.008,0.02,0.072,0.023,0.02,0.053,0.018
620,0.467,0.41,0.37,0.322,0.098,0.488,0.546,0.016,0.494,0.494
621,0.135,0.564,0.536,1.873,1.342,1.725,1.469,1.536,1.637,1.375
622,0.034,0.083,0.069,0.087,0.078,0.049,0.082,0.088,0.066,0.066
623,1.047,1.136,1.157,1.28,1.328,1.202,1.266,1.144,1.235,1.241
624,0.012,0.005,0,0.01,0,0.003,0.009,0.003,0,0
625,0.093,0.071,0.06,0.062,0.032,0.06,0.077,0.109,0.051,0.087
626,2.547,2.583,2.433,2.354,2.501,2.571,2.489,2.445,2.497,2.874
627,0.517,0.494,0.587,0.502,0.612,0.577,0.529,0.646,0.517,0.459
628,0.023,0.003,0.001,0.015,0,0.003,0,0,0.001,0
629,0,0,0,0,0,0,0,0.001,0,0
630,0.041,0.035,0.042,0.037,0.027,0.034,0.034,0.031,0.041,0.052
631,1.839,1.742,1.683,1.93,1.872,1.773,1.86,1.045,1.828,1.809
632,0.866,0.858,0.822,0.865,0.792,0.898,0.875,0.091,0.872,0.939
633,1.11,0.901,0.903,0.843,0.977,0.951,0.941,0.956,0.96,0.957
634,1.864,1.815,2.052,2.354,1.932,1.911,2.038,2.503,1.838,1.78
635,1.92,1.859,1.627,1.654,1.796,1.757,1.68,0.73,1.627,1.618
636,1.127,0.855,1.563,0.835,0.868,1.05,0.92,0.512,0.806,1.106
637,0.72,0.416,0.826,0.891,1.002,0.653,0.601,0.683,0.515,0.775
638,0.684,1.235,1.398,0.334,1.196,1.125,1.491,1.81,1.333,1.695
639,0.724,0.171,0.378,0.348,0.61,0.564,0.841,0.733,0.695,0.801
640,1.456,1.315,1.932,1.096,1.396,1.263,1.848,1.858,1.637,2.113
641,1.52,0.654,0.521,0.687,1.42,1.04,1.231,0.943,1.044,1.255
642,1.809,1.584,1.892,1.809,1.609,1.808,1.923,1.975,2.066,1.713
643,1.862,1.73,2.146,2.004,1.462,1.541,1.802,2.115,2.169,2.005
644,0.424,0.057,0.92,0.348,0.389,0.654,0.456,0.352,0.655,0.212
645,0.627,0.62,0.527,0.651,0.469,0.585,0.511,0.71,0.535,0.443
646,0.571,0.538,0.542,0.552,0.831,0.469,0.647,0.608,0.526,0.32
647,0.06,0.003,0.094,0.023,0.033,0.057,0.062,0.083,0.159,0.033
648,0.839,0.996,0.776,0.936,0.848,0.91,0.873,0.888,0.896,0.929
649,4.608,4.01,3.756,4.286,3.888,3.681,3.603,3.893,3.235,3.45
650,0.261,0.124,0.199,0.044,0.062,0.141,0.167,0.045,0.103,0.092
651,4.757,4.944,4.685,4.878,4.794,5.046,4.81,5.024,5.227,4.474
652,0.624,0.627,0.573,0.632,0.542,0.546,0.607,0.573,0.535,0.605
653,0.516,0.558,0.605,0.542,0.582,0.419,0.506,0.495,0.527,0.447
654,0.013,0.045,0.069,0.034,0.04,0.046,0.039,0.016,0.034,0.033
655,4.093,4.61,4.718,4.592,4.663,4.501,4.521,4.208,4.795,4.192
656,0.959,1.006,1.04,0.969,0.972,0.995,0.986,0.961,0.989,0.931
657,0.008,0.006,0.008,0.009,0.01,0.009,0.014,0.008,0.007,0.012
658,0.171,0.601,0.416,0.29,0.259,0.241,0.285,0.489,0.354,0.186
659,1.58,1.592,1.796,1.749,1.601,1.675,1.68,1.594,1.613,1.719
660,2.038,1.906,1.789,1.96,1.926,2.07,1.986,1.884,1.793,1.998
661,0,0,0,0,0,0,0,0,0.004,0
662,0.02,0.033,0.042,0.021,0.016,0.017,0.021,0.024,0.027,0.038
663,1.317,1.424,1.398,1.184,1.443,1.41,1.357,1.507,1.357,1.432
664,1.153,1.172,1.134,1.204,1.189,1.143,1.227,1.221,1.149,1.205
665,0.375,0.024,0.253,0.042,0.098,0.121,0.215,0.074,0.015,0.014
666,1.129,1.163,1.186,1.058,1.195,1.271,1.139,1.093,1.209,1.211
667,0.971,1,0.917,0.961,0.995,0.92,1.063,0.999,0.944,0.952
668,3.953,2.797,2.974,4.204,2.863,2.323,2.739,3.744,2.708,2.86
669,0.099,0.127,0.237,0.287,0.15,0.335,0.149,0.122,0.164,0.161
670,1.964,2.056,1.796,1.457,2.044,1.7,1.956,1.956,1.765,2.068
671,3.569,3.578,3.595,3.554,3.169,3.53,3.362,3.443,3.371,3.571
672,0.593,0.354,0.634,0.549,0.705,0.574,0.639,0.563,0.613,0.589
673,0.086,0.109,0.093,0.097,0.096,0.093,0.089,0.139,0.102,0.11
674,0.003,0.589,0.001,0.022,0.113,0.013,0.033,0.001,0.09,0.005
675,0.024,0.055,0,0,0.083,0.031,0,0.055,0.114,0.551
676,0.17,0.414,0.473,0.204,0.699,1.45,0,0.088,1.216,0.981
677,0.001,0.03,0.028,0.02,0.024,0.03,0,0.005,0.058,0.041
678,0,0,0,0,0.001,0,0,0,0,0
679,0.592,0.799,0.61,0.547,0.53,0.56,0.615,0.492,0.636,0.629
680,1.703,0.059,0.974,0.956,0.545,1.164,1.138,0.067,1.753,0.235
681,0,0,0,0,0,0,0,0,0,0
682,0.027,0.001,0,0.041,0.032,0.023,0,0,0.122,0
683,0.381,1.07,0.21,0.686,0.252,0.389,0.421,0.455,0.572,0.653
684,0.08,0.039,0.022,0.032,0.064,0.075,0.022,0.063,0.071,0.054
685,0,0,0.03,0,0,0,0,0,0,0.003
686,0.001,0,0.03,0.006,0,0.002,0.001,0,0.001,0.016
687,1.392,1.058,1.508,1.51,1.474,1.327,1.515,1.441,1.462,1.555
688,0.018,0.012,0.003,0.054,0.032,0.021,0.042,0.158,0.031,0.007
689,0,0.012,0.011,0,0.064,0.044,0.03,0.366,0.009,0.011
690,0.239,0.227,0.026,0.007,0.793,0.203,0.712,0.204,0.605,0.597
691,1.651,0.775,0.979,1.604,1.378,1.66,1.194,1.562,1.388,1.33
692,1.008,1.088,1.188,0.872,0.823,0.909,1.136,0.712,1.171,0.998
693,0.871,0.8,0.899,0.733,1.668,1.316,0.821,1.535,0.885,1.116
694,1.755,1.382,1.645,1.585,1.855,2.002,1.518,2.047,1.515,1.404
695,1.96,2.183,2.098,2.063,1.602,1.11,2.223,1.308,2.16,2.138
696,1.749,1.902,2.002,1.543,2.059,1.72,1.977,1.625,1.918,1.817
697,1.494,1.351,1.838,1.307,1.799,1.184,1.811,1.333,1.995,1.808
698,1.279,1.297,1.785,1.462,1.178,1.503,1.215,1.115,1.404,1.484
699,0.41,0.23,0.678,0.143,0.507,0.232,0.175,0.49,0.455,0.332
700,0.006,0.006,0.019,0.004,0.019,0.005,0,0.048,0.024,0.031
701,0.003,0.001,0,0.013,0,0,0,0.005,0.004,0.002
702,0,0.001,0.046,0.05,0.034,0.031,0.125,0.04,0.039,0.115
703,0.011,0.003,0.361,0.197,0.499,0.106,0.794,0.073,0.135,0.328
704,2.456,2.499,2.676,2.565,2.539,2.533,2.595,2.556,2.458,2.415
705,0.431,0.281,0.866,0.664,0.805,0.054,0.298,0.433,0.473,0
706,1.841,0.06,1.899,1.195,1.806,0.371,2.444,0.135,0.92,0.38
707,0.585,0.429,0.462,0.485,0.405,0.413,0.637,0.467,0.377,0.387
708,1.537,1.721,1.076,1.164,1.602,1.208,1.721,1.66,1.137,1.356
709,0.05,0.03,0.062,0.098,0.131,0.067,0.063,0.042,0.088,0.039
710,0.002,0.001,0.009,0.002,0,0.001,0,0.029,0.003,0.012
711,0.25,0.242,0.279,0.26,0.258,0.285,0.21,0.232,0.249,0.19
712,3.688,2.776,3.632,3.839,3.958,4.321,3.479,3.106,4.167,4.288
713,0.11,0.503,0.067,0.254,0.082,0.041,0.007,0.033,0.172,0.021
714,0.199,0.026,0.018,0.524,0.412,0.532,0.038,0.002,0.008,0.021
715,1.278,1.1,1.098,1.778,1.453,1.686,1.368,1.38,0.907,1.175
716,0.953,1.091,1.104,0.919,0.799,0.885,0.903,0.808,0.903,1.002
717,0.032,0.009,0.004,0.101,0.091,0.127,0.027,0.012,0.044,0.021
718,5.289,5.095,3.831,5.385,4.996,5.472,5.075,5.63,4.352,4.815
719,1.298,1.195,1.286,1.258,1.362,1.495,1.315,1.254,1.304,1.275
720,5.058,4.645,4.656,3.053,4.697,3.389,5.443,5.342,6.083,5.521
721,0.851,1.006,0.965,0.711,0.889,0.966,1,0.93,0.934,0.916
722,0.882,0.785,0.821,1.14,1.046,1.13,0.825,0.716,0.765,0.847
723,2.059,1.979,2.324,2.025,2.122,2.144,1.786,2.084,1.959,2.011
724,1.204,1.171,1.152,1.156,1.25,1.223,1.165,1.269,1.193,1.21
725,0.678,0.507,0.767,0.573,0.718,0.579,0.569,0.702,0.448,0.623
726,1.555,1.558,1.119,1.54,1.773,1.565,1.345,1.565,1.399,1.218
727,0.031,0.029,0.051,0.069,0.022,0.064,0.11,0.035,0.023,0.027
728,0.955,0.555,1.182,1.173,0.544,1.121,1.293,1.173,0.599,0.645
729,1.426,1.377,1.421,1.432,1.477,1.514,1.491,1.516,1.512,1.423
730,1.998,1.896,1.969,1.969,2.026,1.818,1.918,1.92,2.029,2.032
731,2.535,2.584,2.43,2.511,2.481,2.402,2.494,2.508,2.459,2.511
732,1.142,0.67,0.805,1.093,0.847,0.667,0.688,0.788,1.037,1.188
733,0.424,0,0.642,0.196,0.401,0.021,0.802,0.022,0,0.002
734,0.096,0.086,0.142,0.24,0.078,0.178,0.079,0.104,0.105,0.092
735,0.669,0.6,0.873,0.723,0.59,0.751,0.551,0.745,0.63,0.671
736,3.681,3.229,3.807,3.639,3.432,3.741,3.639,3.644,3.433,3.504
737,0.348,0.422,0.418,0.356,0.51,0.433,0.366,0.408,0.42,0.449
738,1.747,1.977,1.772,1.798,1.896,1.787,1.756,1.861,1.868,1.868
739,5.562,5.482,5.669,5.671,5.573,5.646,5.503,5.691,5.559,5.589
740,0,0.025,0.004,0,0.002,0,0,0,0,0.002
741,4.715,4.871,4.622,4.833,4.992,4.951,4.988,4.766,4.592,5.043
742,1,1.171,1.229,1.245,1.01,1.046,1.215,1.202,1.196,1.13
743,0.718,0.674,0.552,0.662,0.672,0.713,0.654,0.808,0.638,0.719
744,0.83,1.247,1.16,1.113,0.857,0.886,1.094,1.155,0.982,1.163
745,2.221,2.307,2.014,2.106,2.279,2.331,2.298,1.675,2.1,2.064
746,0.793,0.776,1.138,0.917,0.874,0.674,0.719,0.621,0.835,0.763
747,3.948,3.722,4.626,4.144,3.713,3.935,3.586,3.912,4.207,4.563
748,0.652,0.447,0.877,0.719,0.637,0.663,0.505,0.523,0.642,0.592
749,0.426,0.681,0.812,0.218,0.546,0.579,0.839,0.799,0.846,0.798
750,0,0,0.009,0,0,0,0,0,0,0.003
751,0,0,0,0,0,0,0,0,0,0
752,0,0,0.007,0.173,0.25,0,0.286,0.081,0,0.017
753,0,0,0.01,0.102,0.07,0,0.207,0.004,0,0.007
754,0.762,0.038,0.66,0.16,0.479,0.043,0.569,0.003,0.142,0.003
755,0.426,0.138,0.122,0.299,0.204,0.307,0.328,0.443,0.087,0.417
756,0.026,0.002,0.086,0.183,1.209,0.003,0.075,0.019,0.019,0.003
757,0.689,0.308,0.882,0.744,0.703,0.106,0.22,0.249,0.404,0.001
758,0.796,1.553,1.917,2.469,2.645,0.918,0.995,1.283,2.138,0.946
759,2.854,4.04,4.028,4.543,3.094,3.938,3.146,3.174,3.13,3.191
760,0.79,0.715,0.807,0.697,0.674,0.661,0.107,0.693,0.581,0.966
761,0.02,0.249,0.031,0.026,0.115,0,0.75,0.002,0.007,0.054
762,0.016,0.002,0.033,0.016,0.003,0.01,0,0.008,0.019,0.013
763,2.199,2.192,2.159,2.234,2.228,2.138,2.211,2.274,2.118,2.27
764,0.929,0.334,0.69,0.599,0.62,0.639,1.394,0.564,0.517,0.553
765,0.043,0.035,0.05,0.039,0.047,0.045,0.049,0.044,0.044,0.049
766,0.05,0.176,0.066,0.096,0.098,0.056,0.062,0.037,0.186,0.065
767,0.995,1.085,0.98,0.9,1.016,0.862,0.877,0.919,0.91,0.766
768,4.179,4.321,4.416,4.539,4.336,4.653,4.181,4.42,4.448,4.342
769,0,0,0,0,0,0,0,0,0,0
770,0.015,0.03,0.024,0.047,0.018,0.028,0.01,0.017,0.037,0.023
771,1.017,1.068,1.037,1.061,1.039,1.089,1.001,1.221,1.006,1.091
772,0.067,0.046,0.104,0.044,0.095,0.089,0.079,0.052,0.049,0.068
773,0.011,0.044,0.01,0.065,0.078,0.064,0.009,0.015,0.057,0.018
774,1.187,1.124,1.129,1.213,1.158,1.142,1.116,1.063,1.13,1.156
775,1.397,1.279,1.536,1.416,1.489,1.421,1.468,1.476,1.379,1.392
776,1.675,1.665,1.349,1.67,1.665,1.778,1.771,1.578,1.55,1.751
777,2.615,2.586,2.445,2.616,2.537,2.608,2.564,2.536,2.584,2.581
778,0.88,0.937,0.914,0.964,0.932,0.994,0.888,0.912,1.015,0.972
779,0.684,0.84,0.651,0.534,1.118,0.8,0.826,1.154,0.808,0.866
780,0.006,0.01,0.01,0.017,0.014,0.004,0.009,0.009,0.015,0.014
781,0,0,0,0,0,0,0,0.05,0,0.001
782,0,0,0,0,0,0,0,0.027,0,0.002
783,0,0,1.416,0.006,2.018,0,1.091,0.063,0,0.009
784,0,0,0.039,0,0.128,0,0.038,0,0.001,0
785,0,0.196,0.001,0.651,0.684,0,0.437,0.563,0.235,0.346
786,0.874,0.546,2.021,0.624,1.897,1.055,1.821,1.84,2.41,0.875
787,0.001,0.001,0.005,0.003,0.004,0.001,0.01,0.001,0.002,0
788,0.003,0.347,0.002,0.533,0.707,0,0.546,0.67,0.068,0.34
789,1.393,1.647,1.689,0.774,1.384,0.675,0.857,0.725,1.626,0.785
790,1.459,1.59,1.622,1.74,1.655,1.122,1.919,2.256,1.666,2.152
791,0.906,0.91,0.916,0.863,0.864,0.962,0.874,0.924,0.934,0.971
792,1.328,1.272,1.231,1.296,1.341,1.292,1.266,1.211,1.271,1.368
793,1.002,1.271,1.157,1.23,1.235,1.022,1.155,1.201,1.203,1.121
794,5.757,3.438,3.872,3.807,3.871,3.911,3.884,3.395,3.773,3.995
795,0.613,0.613,0.596,0.685,0.448,0.1,0.583,0.589,0.631,0.662
796,2.479,2.284,2.522,2.511,2.312,1.994,2.589,2.387,2.398,2.35
797,5.843,6.094,5.94,6.071,5.993,5.94,5.983,5.886,6.06,6.056
798,0.689,0.394,0.262,0.248,0.358,0.161,0.266,0.162,0.313,0.134
799,2.044,2.241,2.152,1.721,2.047,2.095,2.115,2.099,1.913,1.971
800,0.437,0.753,0.701,0.742,0.524,0.217,0.672,0.684,0.659,0.722
801,2.307,2.565,2.374,2.161,2.441,3.269,2.607,2.45,2.447,2.695
802,0,0,0,0,0,0,0,0,0,0
803,0,0,0.001,0,0.002,0,0,0,0.001,0
804,0,0,0,0,0.124,0,0,0,0,0
805,0,0,0,0.001,0.017,0,0,0,0.001,0
806,0.003,0,0.002,0.467,0.136,0.015,0,0.028,0.593,0.087
807,0,0,0,0.007,0.048,0,0,0.01,0.008,0.063
808,0.084,0.106,0.067,0.252,0.323,0.062,0.083,0.107,0.09,0.235
810,0.745,0.577,0.754,0.793,0.876,0.748,0.638,0.824,0.863,0.768
811,0.924,0.778,0.841,1.208,0.888,0.667,1.042,1.041,0.688,0.39
812,1.242,0.827,0.749,0.002,0.646,0.805,0.001,0,0.786,0.808
813,0.001,0.01,0.018,0,0.62,0.019,0,0,0.098,0.157
814,1.382,1.563,1.316,0.914,0.632,1.005,0.803,0.054,1.368,1.952
815,0,0.179,0.001,0.003,0.429,0.436,0,0.152,0.463,1.038
816,0.042,0.005,0.006,0.234,0.822,0.019,0,0.182,0.14,0.552
817,0,0,0,0,0,0,0,0.001,0,0
818,0,0,0,0,0,0,0,0,0,0
819,0.197,0.377,0.131,0.174,0.175,0.165,0.226,0.179,0.084,0.102
820,0.727,0.72,0.872,0.8,0.704,0.398,0.726,0.785,0.835,0.581
821,0.968,0.809,0.942,0.904,0.828,0.778,0.838,0.803,0.844,0.854
822,1.39,1.126,1.626,1.705,1.387,1.223,1.377,1.378,1.668,1.699
823,1.024,0.358,1.519,1.263,0.309,1.352,0.707,1.016,0.987,1.039
824,1.709,1.051,1.849,1.82,1.062,1.599,1.877,0.949,1.266,1.715
825,0.923,0.869,0.713,0.802,0.919,0.855,0.933,0.836,0.909,0.911
826,1.501,1.162,1.672,1.627,1.424,1.473,1.414,1.293,1.691,1.605
827,1.186,0.068,1.506,0.705,0.768,1.056,0.908,0.426,1.223,1.057
828,0.879,0.833,0.836,0.871,1.337,1.568,0.929,1.676,0.838,0.886
829,1.216,1.352,1.292,1.315,1.246,1.243,1.288,1.303,1.36,1.28
830,5.658,4.987,3.806,5.45,5.221,5.573,5.431,5.028,5.499,5.418
831,1.377,1.384,1.242,1.532,1.472,1.374,1.592,1.462,1.316,1.495
832,0.926,0.646,0.591,1.385,0.832,0.997,1.234,0.697,0.759,0.678
833,1.455,0.684,0.192,2.084,0.039,0.111,1.559,1.029,1.666,0.483
834,0.44,0.547,0.407,0.63,0.287,0.359,0.509,0.781,0.265,0.345
835,1.224,1.131,1.317,1.423,1.19,1.409,1.188,1.139,1.362,1.579
836,1.388,1.209,0.631,0.593,1.287,1.468,0.484,1.436,0.829,1.544
837,1.057,1.262,1.002,0.979,1.181,0.991,0.912,1.195,1.051,0.91
838,0.769,1.419,0.135,0.922,0.634,0.955,0.515,1.137,0.416,0.861
839,2.131,4.577,2.583,2.411,2.272,2.373,2.558,1.379,2.386,2.339
840,1.687,2.082,2.15,2.099,1.908,1.994,1.666,1.869,1.895,1.841
841,0.025,0.17,0.911,1.385,0.868,0.067,1.446,0.085,0.815,0.011
842,0.851,0.058,0.758,0.857,0.097,0.837,0.885,0.094,1.304,0.045
843,0.588,0.324,0.555,0.108,1.293,0.572,0.761,0.302,0.136,0.058
844,0.511,0.232,0.018,0.818,0.275,0.167,0.914,0.491,0.398,0.698
845,0.789,1.082,1.003,0.404,0.932,1.026,0.957,0.956,0.694,1.372
846,0.193,0.507,0.277,0.168,1.16,0.049,0.6,0.862,0.023,0.706
847,0.016,0.967,0.32,0.063,0.14,0.931,0.802,0.83,0.84,0.905
848,0.006,0.01,0,0.003,0.021,0.011,0.008,0.008,0.008,0.045
849,0.254,0.665,0.188,0.09,0.519,0.998,0.838,0.417,0.601,0.867
850,0.037,0.016,0.015,0.024,0.035,0.02,0.018,0.002,0.024,0.013
851,0.007,0.054,0.061,0.002,0.016,0.044,0,0,0.06,0.012
852,0.001,0,0,0.001,0,0,0,0,0.001,0.002
853,0.355,0.409,0.41,0.39,0.436,0.35,0.436,0.36,0.407,0.285
854,0,0,0,0,0,0,0,0,0,0
855,0,0,0,0,0,0,0,0,0,0
856,0.001,0.003,0.002,0.005,0.003,0.001,0.008,0.004,0,0.001
857,0.05,0.07,0.072,0.16,0.095,0.105,0.062,0.122,0.082,0.091
858,0.45,0.322,0.641,0.437,0.482,0.357,0.253,0.57,0.34,0.519
859,0.361,0.162,0.152,0.297,0.146,0.262,0.378,0.316,0.208,0.248
860,5.344,5.476,5.427,5.369,5.473,5.693,5.589,5.483,5.125,5.615
861,0.084,0.082,0.081,0.208,0.152,0.148,0.271,0.161,0.105,0.115
862,0.374,0.157,0.208,0.385,0.321,0.068,0.182,0.101,0.277,0.122
863,3.142,2.718,2.88,2.897,2.853,3.037,3.128,2.949,2.844,2.998
864,2.889,3.006,2.407,2.732,2.819,2.695,2.82,2.487,2.837,2.764
865,1.179,1.999,0.461,1.075,1.289,1.788,1.218,0.829,2.012,1.751
866,0.336,0.707,0.428,0.199,0.597,0.761,0.366,0.5,0.336,0.728
867,4.96,5.052,5.47,5.166,5.627,5.146,4.681,5.186,4.846,3.893
868,0.322,0.972,0.594,0.578,0.709,1.014,0.353,0.898,1.227,0.862
869,1.035,2.925,3.421,2.648,1.918,0.627,2.701,3.173,3.143,0.803
870,1.733,1.229,1.917,1.739,1.422,0.687,1.964,1.875,1.792,1.151
871,1.82,1.726,2.104,1.65,1.886,2.023,1.638,2.011,1.831,1.898
872,0.441,0.533,0.652,0.608,0.657,0.77,1.179,0.809,0.917,0.56
873,0.074,0.113,0.102,0.148,0.172,0.004,0.302,0.113,0.154,0.386
874,1.188,1.189,1.164,1.213,0.971,0.935,1.302,1.26,1.179,1.564
875,1.987,1.885,1.901,1.928,1.715,1.862,2.016,1.815,1.976,1.907
876,0.079,0.01,0.001,0.026,0.04,0.06,0.072,0.037,0.028,0.023
877,0.326,0.596,0.45,0.384,0.308,0.596,0.695,0.46,0.295,0.335
878,4.678,4.729,4.012,5.085,4.941,5.385,4.916,4.913,5.093,4.709
879,1.055,1.109,0.805,1.47,1.217,1.105,1.468,1.271,1.313,0.934
880,0,0.001,0,0.004,0.004,0.002,0.002,0.006,0.002,0.003
881,0.058,0.078,0.072,0.087,0.103,0.089,0.131,0.166,0.09,0.069
882,2.301,2.471,2.388,2.486,2.308,2.285,2.519,2.431,2.386,2.15
883,1.894,1.79,1.7,2.172,2.064,2.173,1.998,1.848,1.839,1.704
884,0.001,0.002,0.007,0.036,0.011,0.01,0.007,0.009,0,0.013
885,1.13,1.189,1.233,1.148,1.245,1.223,1.234,1.184,1.208,1.258
886,2.495,2.521,2.471,2.582,2.527,2.493,2.573,2.457,2.424,2.346
887,1.422,1.443,1.312,1.408,1.171,1.249,1.262,1.341,1.427,1.406
888,0.922,0.9,0.946,0.91,0.91,0.903,0.934,0.893,0.854,0.9
889,0.079,0.078,0.099,0.081,0.079,0.111,0.102,0.098,0.08,0.157
890,5.146,4.851,4.87,4.361,5.151,4.542,5.087,4.834,4.66,5.286
891,1.092,1.1,1.22,1.002,1.168,1.042,1.115,1.076,1.097,1.135
892,0.128,0.151,0.367,0.13,0.186,0.133,0.157,0.12,0.124,0.113
893,1.362,1.487,1.45,1.456,1.467,1.536,1.47,1.489,1.439,1.336
894,1.846,1.435,2.271,1.74,1.214,1.938,1.203,1.887,1.779,1.75
895,1.604,1.314,1.685,1.497,1.158,1.616,1.198,1.589,1.552,1.382
896,3.258,2.694,2.791,2.961,2.765,3.126,2.915,2.708,3.173,2.916
897,1.35,1.245,1.174,1.265,1.119,1.309,1.099,1.385,1.307,1.328
898,2.283,2.329,2.073,2.286,2.318,2.167,2.334,1.914,2.197,2.306
899,1.064,1.194,1.176,1.21,1.239,1.294,1.239,1.139,1.381,1.239
900,2.066,1.835,1.705,1.98,1.802,1.853,2.043,1.754,1.87,1.893
901,1.053,0.869,0.885,0.872,0.886,0.276,1.406,1.046,0.978,0.844
902,0.108,0.283,0.366,0.068,0.382,0.046,0.251,0.1,0.134,0.266
903,0.042,0.065,0.014,0.075,0.092,0,0.147,0.099,0.011,0.018
904,0.099,0.768,0.673,0.38,1.109,0.001,0.882,0.053,0.511,0.187
905,0.002,0.044,0.119,0.005,0.039,0.008,0.042,0.004,0.018,0.008
906,0.133,0.904,0.554,0.463,0.904,0.675,1.107,0.66,0.513,0.625
907,0,0.005,0.001,0,0,0.002,0.001,0.003,0.001,0
908,0.037,0.063,0.575,0.027,0.202,0.155,0.062,0.051,0.035,0.058
909,0.045,0.027,0.727,0.004,0.099,0.004,0.561,0.414,0.639,0.249
910,0.011,0.032,0.043,0.014,0.086,0.024,0.039,0.038,0.029,0.061
911,1.615,1.218,1.924,0.917,1.276,1.034,1.528,1.473,1.36,2.181
912,0.039,0.021,0.671,0.019,0.003,0.02,0.786,0.725,0.879,0.219
913,1.139,0.264,1.086,1.049,0.59,0.624,1.368,1.146,1.4,0.238
914,0.173,0.02,0.149,0.023,0.024,0.024,0.043,0.398,0.053,0.05
915,4.65,4.795,4.857,5.038,5.354,5.107,4.417,4.222,4.048,4.122
916,0.14,0.412,0.228,0.102,0.11,0.029,0.133,0.182,0.037,0.753
917,0,0.005,0,0,0,0.001,0.001,0,0,0
918,0.991,0.93,0.877,0.913,0.899,0.916,0.921,0.94,0.904,0.985
919,0.981,1.18,0.928,0.877,1.079,0.902,0.944,1.015,0.984,1.225
920,0.766,0.751,0.672,0.632,0.75,0.626,0.793,0.86,0.747,0.649
921,0.387,0.599,0.397,0.389,0.525,0.496,0.528,0.488,0.379,0.735
922,2.433,2.299,2.366,2.452,2.326,2.312,2.287,2.566,2.401,2.329
923,2.993,2.253,2.436,4.211,1.778,2.278,2.342,1.862,3.229,2.661
924,0.815,0.836,0.847,0.82,0.734,0.856,0.913,0.86,0.785,0.798
925,0.124,0.048,0.031,0.009,0.022,0.061,0.025,0.008,0.018,0.048
926,1.251,0.779,0.763,0.807,0.691,0.541,0.955,0.785,0.807,0.972
927,0.718,0.454,0.532,0.182,0.427,1.533,0.652,0.053,0.87,0.72
928,1.521,1.608,1.434,1.774,1.49,2.281,0.866,1.934,1.555,1.974
929,0.266,1.349,0.513,0.516,0.604,1.549,0.003,0.405,1.143,1.005
930,0.26,1.524,1.41,1.172,1.582,1.106,0.859,1.461,1.654,1.213
931,1.26,1.17,1.443,1.308,1.291,1.142,1.442,1.045,1.302,1.286
932,1.348,0.776,0.57,1.299,0.981,1.009,1.143,1.097,1.073,1.186
933,1.654,1.727,1.559,1.819,1.723,1.697,1.464,1.85,1.574,1.845
934,1.585,1.584,1.58,1.865,1.809,1.743,1.832,0.98,2.075,1.886
935,0.673,0.45,0.58,0.918,0.831,0.878,0.447,0.458,0.722,0.653
936,1.443,1.87,2.018,1.433,1.803,1.523,1.465,1.424,1.66,1.937
937,0.275,0.29,1.324,0.45,1.019,1.375,0.792,0.639,0.967,0.552
938,5.198,1.614,4.985,4.867,3.815,4.619,4.823,4.456,3.089,4.855
939,0.892,0.957,1.033,1.173,1.33,0.75,1.17,1.212,1.076,1.042
940,0.548,1.372,0.968,1.245,0.96,0.762,1.082,0.492,1.026,0.909
941,1.435,0.695,0.805,1.08,1.114,1.312,0.917,0.808,0.856,0.993
942,0.001,0.057,0.037,0.138,0.053,0.109,0.01,0.033,0.023,0.064
943,0.009,0.269,0.036,0.056,0.053,0.047,0.035,0.013,0.008,0.013
944,1.501,1.639,1.367,1.54,1.656,1.631,1.551,1.498,1.714,1.535
945,1.371,1.16,1.313,1.023,1.273,1.352,1.208,1.33,1.278,1.298
946,0.654,0.796,0.582,0.911,0.635,0.809,0.737,0.746,0.703,0.749
947,1.139,1.214,1.047,1.262,1.181,1.273,1.307,1.292,1.281,1.287
948,1.186,1.742,1.581,1.791,1.737,1.048,1.093,0.827,1.556,0.915
949,4.766,5.252,5.144,4.844,4.906,4.829,5.41,5.511,5.436,5.416
950,5.966,4.946,5.065,4.818,5.073,5.004,5.327,5.291,4.887,4.89
951,3.82,4.034,4.766,4.258,4.753,4.235,5.113,4.796,5.615,4.828
952,0.095,0.181,0.465,0.127,0.379,0.187,0.099,0.106,0.12,0.12
953,0.131,0.308,0.346,0.241,0.359,0.219,0.345,0.279,0.628,0.291
954,1.164,1.146,1.787,1.374,1.256,1.404,1.576,1.815,1.578,1.308
955,0.405,0.297,0.804,0.339,0.448,0.351,0.265,0.227,0.174,0.245
956,0.782,0.878,0.667,0.839,1.006,1.409,1.471,1.282,0.798,0.981
957,0.011,0.009,0.006,0.001,0.027,0.019,0.005,0.004,0.01,0.003
958,1.243,0.509,0.558,0.57,0.383,1.503,1.271,0.438,0.956,1.056
959,0.015,0.54,0.43,0,0,0,0.006,0.001,0.213,0.002
960,0.703,0.356,0.032,0.025,0.543,0.423,0.701,0.316,0.035,0.411
961,0.618,0.371,0.027,0.405,0.749,0.017,0.715,0.74,0.033,0.426
962,0.798,0.068,0.171,0.687,0.084,0.503,0.346,0.679,0.275,0.032
963,1.03,0.766,0.824,1.401,1.158,1.045,1.387,1.523,1.6,0.995
964,1.274,1.365,1.134,1.103,1.445,1.552,1.371,1.397,0.798,1.485
965,1.779,0.874,0.069,1.047,0.98,1.287,1.844,1.389,1.604,0.55
966,0.265,0.056,0.653,0.353,0.106,0.083,0.061,0.089,0.056,0.079
967,3.681,2.861,2.831,2.74,3.7,3.611,2.416,3.412,2.936,3.235
968,5.525,5.063,4.261,5.263,5.147,5.106,5.244,5.253,5.2,5.116
969,2.53,2.783,2.418,3.305,3.233,2.918,3.051,3.162,2.129,3.199
970,0.02,0.024,0.002,0.031,0.147,0.144,0.017,0.01,0.014,0.027
971,4.926,4.496,4.592,3.974,4.63,4.565,4.093,4.544,4.234,5.367
972,0.752,0.646,0.633,1.047,0.478,0.572,0.632,0.546,0.764,0.744
973,0.001,0.001,0.022,0.006,0,0,0.003,0.001,0,0
974,0.03,0.019,0.008,0.021,0.025,0.026,0.016,0.023,0.023,0.042
975,5.396,5.698,5.67,5.674,5.954,6.067,5.645,5.804,5.882,5.715
976,0.899,1.035,1.048,1.227,0.993,1.077,1.024,1.053,1.12,0.985
977,0,0,0,0,0,0,0,0,0,0
978,0.281,0.196,0.335,0.135,0.554,0.181,0.231,0.193,0.219,0.182
979,2.262,2.301,2.326,2.269,2.35,2.357,2.172,2.444,2.22,1.938
980,0.754,0.823,1.107,0.965,1.099,1.117,1.003,0.741,1.277,1.047
981,0.001,0,0.004,0.002,0.007,0,0,0.001,0.001,0.001
982,1.664,1.747,1.658,2.252,1.58,1.901,1.665,1.905,1.559,1.612
983,1.011,0.969,1.292,1.391,1.148,1.131,0.988,0.944,0.837,1.377
984,0.631,0.272,0.602,0.022,0.312,0.028,0.448,0.533,0.024,1.04
985,1.12,0.957,1.149,0.555,1.127,0.941,0.993,1.08,1.156,0.947
986,5.594,5.663,5.511,5.419,5.308,5.719,5.718,5.543,5.679,5.842
987,0.041,0.02,0.045,0.026,0.076,0.026,0.04,0.015,0.035,0.17
988,0.652,0.255,0.952,0.58,0.723,0.63,0.921,0.567,0.465,1.016
989,1.128,0.985,1.191,0.831,1.112,0.176,1.254,1.229,1.115,0.523
990,0.404,0.667,0.454,0.678,0.193,1.045,1.091,0.443,0.071,1.069
991,1.65,1.542,1.252,0.937,1.604,1.622,1.137,1.671,0.781,1.296
992,5.752,4.509,5.458,5.318,5.487,3.424,3.629,5.342,4.812,3.603
993,1.118,1.362,1.112,1.063,0.839,0.239,0.359,0.517,0.418,0.7
994,1.286,1.156,1.064,1.046,0.842,0.938,1.057,0.952,0.927,1.167
995,1.694,3.279,2.853,2.127,2.416,2.61,3.048,3.248,3.062,2.943
996,5.14,6.042,6.016,6.102,5.373,5.533,5.643,6.24,6.068,6.157
997,1.462,0.975,1.359,1.346,1.397,1.267,1.319,1.11,1.251,1.379
998,1.019,0.884,1.064,1.163,0.921,0.939,0.905,0.867,0.99,1.126
999,4.246,3.813,4.447,5.382,3.993,4.27,5.093,4.253,4.662,4.027
1000,0.815,0.583,0.969,1.198,0.781,1.106,1.345,0.711,1.099,0.961
1001,2.106,2.141,2.158,2.305,1.809,1.749,2.241,2.302,2.158,2.184
1002,2.041,1.583,1.839,1.779,1.438,1.598,2.136,1.653,2.169,1.811
1003,1.011,0.986,1.093,1.301,1.15,1.075,1.331,1.096,1.147,1.037
1004,2.744,2.845,2.427,2.636,2.48,2.391,2.451,2.306,2.496,2.549
1005,1.696,1.103,1.545,1.484,1.287,1.201,1.208,1.594,1.51,1.395
1006,1.096,2.089,1.767,1.532,1.901,1.624,1.968,1.296,0.949,1.161
1007,2.486,2.03,3.158,3.114,3.146,3.164,2.672,3.038,3.186,2.031
1008,5.331,4.969,5.487,5.427,5.482,5.291,4.565,4.388,4.433,5.683
1009,2.979,2.828,2.726,2.593,2.37,2.969,2.567,2.666,1.613,2.619
1010,1.968,1.981,1.343,1.545,1.57,1.939,1.329,1.629,1.305,1.343
1011,0.838,1.013,0.702,0.847,0.699,0.974,0.804,0.722,1.279,0.752
1012,2.712,2.53,1.58,2.223,1.305,2.967,2.122,2.108,2.176,1.743
1013,0.28,0.206,0.108,0.092,0.189,0.307,0.061,0.135,0.031,0.092
1014,0.478,0.418,0.201,0.295,0.2,0.345,0.314,0.299,0.24,0.223
1015,0.808,0.784,0.713,0.703,0.658,0.86,0.753,0.66,0.886,0.702
1016,0.085,0.077,0.075,0.062,0.085,0.131,0.069,0.08,0.099,0.079
1017,0.907,0.868,0.897,0.935,0.904,0.85,0.851,0.904,0.938,0.872
1018,1.247,1.334,1.371,1.296,1.285,1.415,1.296,1.383,1.364,1.315
1019,0.31,0.404,0.257,0.183,0.383,0.226,0.284,0.283,0.231,0.307
1020,0.016,0.021,0.042,0.017,0.025,0.027,0.018,0.025,0.016,0.034
1021,0.293,0.265,0.318,0.254,0.295,0.155,0.24,0.259,0.26,0.331
1022,1.63,1.675,1.711,1.61,1.653,1.563,1.551,1.622,1.645,1.501
1023,2.866,2.845,2.851,2.568,2.693,2.66,2.709,2.767,2.827,2.777
1024,0.007,0.055,0.002,0.033,0.015,0.032,0.017,0.011,0.027,0.031
1025,2.3,2.262,2.298,2.342,2.309,2.421,2.269,2.308,2.258,2.263
1026,1.624,1.861,1.704,1.522,1.493,1.492,1.487,1.598,1.344,1.851
1027,0.274,0.301,0.442,0.251,0.358,0.365,0.296,0.278,0.416,0.359
1028,1.139,1.586,1.938,1.606,1.617,1.786,1.516,1.938,1.444,1.658
1029,0.296,0.238,0.279,0.229,0.29,0.226,0.211,0.247,0.181,0.289
1030,0.672,0.679,0.73,1.009,0.836,0.65,0.777,0.739,0.582,0.924
1031,1.467,1.409,1.146,1.254,1.442,1.087,0.928,1.507,1.615,1.137
1032,0.355,0.389,0.346,0.469,0.467,0.472,0.319,0.48,0.445,0.326
1033,0.795,0.775,0.795,0.945,0.759,0.807,0.987,0.678,0.647,0.962
1034,0.741,0.918,0.583,1.004,0.68,0.923,0.871,0.716,0.749,0.584
1035,0.075,0.994,0.101,0.09,0.158,0.136,0.065,0.085,0.152,0.164
1036,0.064,0.155,0.071,0.114,0.095,0.133,0.137,0.075,0.09,0.098
1037,0.509,0.525,0.289,0.522,0.281,0.215,0.383,0.511,0.27,0.466
1038,0.819,1.08,0.617,0.694,0.817,1.12,0.807,1.069,0.993,1.087
1039,0.808,0.514,0.581,0.594,0.814,1.215,0.63,0.714,0.676,0.682
1040,0.113,0.208,0.317,0.072,0.403,0.192,0.217,0.189,0.092,0.174
1041,1.329,1.245,1.261,1.089,1.163,1.306,0.92,1.269,1.686,1.274
1042,2.799,2.94,2.975,1.993,2.954,3.425,3.282,2.865,3.825,3.673
1043,0.457,0.226,0.498,0.385,0.201,0.192,0.593,0.174,0.542,0.621
1044,1.029,0.733,0.895,0.999,0.803,0.594,0.783,0.68,0.349,1.143
1045,1.703,1.54,1.796,1.728,1.573,1.108,1.801,1.351,1.524,1.987
1046,5.735,5.611,5.699,5.479,5.899,4.52,5.251,5.562,4.342,5.809
1047,2.531,2.446,2.615,2.236,2.085,2.05,2.509,2.564,1.455,3.018
1048,2.373,2.237,2.319,2.173,2.265,2.243,2.278,2.229,2.196,2.149
1049,1.565,2.571,2.698,2.59,2.552,2.587,2.816,2.463,2.265,2.66
1050,1.331,1.204,0.961,1.028,0.482,0.873,0.713,0.988,1.314,1.019
1051,2.46,2.871,2.885,2.802,2.623,2.689,2.911,2.636,2.614,2.878
1052,4.009,3.987,3.875,4.166,4.032,3.814,3.817,4.398,3.76,3.797
1053,0.84,0.819,0.774,0.846,0.733,0.908,0.814,0.741,0.847,0.85
1054,0.276,0.365,0.314,0.419,0.49,0.307,0.432,0.486,0.459,0.266
1055,5.598,5.721,5.815,5.629,5.833,5.819,5.735,5.757,5.575,5.789
1056,0.177,0.09,0.087,0.145,0.071,0.066,0.076,0.079,0.098,0.104
1057,2.049,2.059,2.089,2.097,2.142,2.027,2.072,2.12,2.185,1.919
1058,1.102,1.061,0.987,1.142,1.092,1.027,0.994,1.021,0.99,1.024
1059,0.215,0.321,0.242,0.209,0.317,0.324,0.228,0.235,0.168,0.242
1060,0.061,0.132,0.068,0.076,0.068,0.078,0.061,0.075,0.107,0.053
1061,2.309,2.244,2.22,2.233,2.248,2.129,2.176,2.212,2.231,2.186
1062,1.035,1.075,1.173,1.051,1.1,1.094,1.115,1.164,1.151,1.101
1063,0.025,0.023,0.032,0.02,0.042,0.024,0.025,0.032,0.018,0.025
1064,2.289,2.185,2.144,2.276,2.246,2.253,2.164,2.2,2.092,2.132
1065,1.534,1.502,1.318,1.405,1.465,1.553,1.339,1.44,1.296,1.392
1066,3.417,3.486,3.52,3.309,3.498,3.36,3.121,3.357,3.374,3.37
1067,0.076,0.065,0.057,0.058,0.041,0.064,0.047,0.042,0.056,0.03
1068,0.481,0.412,0.415,0.539,0.417,0.602,0.528,0.325,0.632,0.537
1069,0.098,0.1,0.118,0.104,0.094,0.1,0.088,0.16,0.104,0.174
1070,0.124,0.127,0.116,0.132,0.144,0.124,0.125,0.118,0.112,0.095
1071,1.286,1.367,1.432,1.605,1.42,1.543,1.471,1.468,1.505,1.456
1072,0.656,0.662,0.643,0.589,0.61,0.568,0.603,0.669,0.64,0.653
1073,1.362,1.315,1.416,1.364,1.297,1.417,1.326,1.432,1.288,1.479
1074,0.513,0.706,0.577,0.489,0.492,0.485,0.392,0.646,0.386,0.567
1075,0.994,0.908,1.156,1.278,0.965,1.022,1.044,1.278,1.155,0.986
1076,0.017,0.013,0.006,0.009,0.021,0.005,0.007,0.018,0.004,0.041
1077,0.292,0.512,0.398,0.293,0.367,0.259,0.101,0.502,0.176,0.455
1078,3.069,2.949,2.923,2.856,2.807,2.985,2.931,2.79,2.928,3.036
1079,1.017,0.872,0.884,1.085,0.842,0.969,0.916,1.009,1.114,0.864
1080,0.574,0.906,0.703,1.418,0.544,0.547,0.64,0.882,0.539,0.908
1081,2.029,2.038,2.049,1.87,1.916,1.958,1.946,1.999,1.978,2.195
1082,2.255,1.867,1.917,1.557,1.763,1.935,2.5,1.639,1.779,1.68
1083,4.676,4.213,4.038,3.772,4.046,4.318,4.94,4.13,4.567,4.631
1084,1.784,1.429,1.6,1.128,1.433,1.361,1.442,1.383,1.724,1.396
1085,0.415,0.496,0.631,0.427,0.551,0.454,0.342,0.429,0.604,0.438
1086,1.096,1.091,1.147,0.816,1.08,1.039,0.997,1.125,1.3,1.145
1087,1.123,1.181,0.952,1.089,1.145,1.186,1.23,1.205,0.945,1.197
1088,4.017,4.944,4.887,4.818,4.885,4.761,5.452,4.85,4.724,5.345
1089,6.475,6.563,6.559,6.165,6.556,6.393,6.321,6.663,6.043,6.26
1090,3.077,3.062,3,3.048,2.906,3.005,3.053,3.15,3.106,2.963
1091,0.798,0.861,1.064,0.951,1.729,1.762,0.839,0.924,0.84,0.876
1092,1.772,1.79,1.916,1.688,1.975,1.383,1.94,1.985,1.581,1.931
1093,1.138,1.287,1.217,1.58,1.227,1.173,1.123,1.313,1.031,1.168
1094,0.095,0.646,0.108,0.023,0.319,0.206,0.044,0.558,0.039,0.063
1095,0.1,0.095,0.143,0.488,0.172,0.566,0.117,0.081,0.159,0.137
1096,4.524,3.667,4.108,5.392,4.021,5.103,3.952,3.913,5.148,4.126
1097,1.482,1.07,0.509,1.308,0.845,1.255,0.42,1.026,1.378,0.428
1098,0.816,0.455,1.072,0.956,0.923,0.855,0.652,0.588,1.135,1.419
1099,5.695,5.831,5.959,6.042,5.901,5.894,5.722,5.892,5.882,5.97
1100,2.416,2.038,2.049,2.377,2.116,2.43,2.066,2.024,1.858,2.081
1101,1.335,1.427,1.065,1.125,1.297,1.054,1.173,1.406,1.275,1.243
1102,1.023,0.803,0.703,1.035,0.814,1.132,0.772,0.79,1.035,1.109
1103,1.535,1.488,1.579,1.562,1.731,1.336,1.754,1.374,1.194,2.038
1104,1.468,1.254,1.494,1.423,1.328,1.348,1.513,1.371,1.32,1.636
1105,0.872,0.846,0.857,0.845,0.768,0.738,0.875,0.89,0.905,0.913
1106,1.882,2.016,1.902,2.09,2.086,1.881,1.946,1.979,1.893,1.955
1107,0.81,0.828,0.91,0.908,1.137,0.882,1.029,0.936,0.944,0.907
1108,3.44,4.403,3.006,4.651,4.268,4.968,4.776,3.7,4.58,4.581
1109,2.161,2.512,2.119,2.656,2.193,2.337,2.253,1.567,2.487,2.559
1110,0.806,1.733,0.646,1.502,1.556,1.632,1.557,0.8,1.629,1.509
1111,1.064,1.681,0.706,1.828,1.243,1.896,1.687,0.956,1.599,1.68
1112,1.615,1.996,1.292,2.029,2.134,2.264,1.981,1.083,1.956,2.043
1113,1.304,1.343,0.615,1.508,1.459,1.446,1.576,0.857,0.972,1.329
1114,1.455,1.08,1.105,1.015,1.221,1.404,1.22,1.094,1.399,1.329
1115,0.011,0.018,0.017,0.014,0.011,0.017,0.024,0.013,0.006,0.021
1116,1.564,1.453,1.604,1.612,1.435,1.559,1.17,1.535,1.512,1.51
1117,0.014,0.016,0.016,0.013,0.078,0.008,0.011,0.011,0.01,0.016
1118,1.399,1.357,1.134,1.314,1.186,1.199,1.166,0.97,0.719,1.302
1119,0.07,0.05,0.026,0.075,0.052,0.075,0.329,0.301,0.041,0.082
1120,0.83,1.372,1.032,0.877,1.058,1.233,1.046,0.545,0.592,0.416
1121,0.595,0.076,0.094,0.102,0.147,0.149,0.128,0.11,0.095,0.164
1122,0.792,0.063,0.801,0.054,0.816,0.676,0.949,0.88,0.871,0.703
1123,1.106,0.462,0.962,0.866,0.524,0.853,1.076,1.026,1.037,1.188
1124,0.418,0.099,1.238,1.197,0.172,0.231,0.914,0.862,0.939,1.15
1125,0.014,0.001,0.011,0.013,0.019,0.003,0.015,0.006,0.001,0.863
1126,2.993,2.499,2.779,3.251,2.645,2.377,3.264,3.169,1.806,1.568
1127,0.032,0.011,0.033,0.002,0.054,0.048,0.048,0.02,0.011,0.007
1128,0.016,0.002,0.01,0.015,0.015,0.005,0.032,0.029,0.005,0
1129,1.167,1.317,1.239,1.369,1.438,1.113,1.105,1.161,1.052,1.012
1130,0.002,0,0.001,0,0.005,0,0,0,0,0
1131,0.423,0.539,0.45,0.611,0.735,0.503,0.44,0.38,0.316,0.598
1132,0,0,0,0,0,0.001,0.009,0,0,0
1133,1.703,1.866,1.268,1.845,1.777,1.817,1.848,1.671,1.778,1.859
1134,1.077,0.964,0.592,1.061,1.004,1.148,1.048,0.676,0.885,1.042
1135,4.359,5.019,2.757,2.907,5.318,5.035,5.339,3.651,5.39,4.903
1136,3.653,4.011,2.514,5.209,5.66,3.906,5.425,3.438,5.282,3.721
1137,2.146,2.317,1.863,2.194,2.608,2.06,2.614,1.899,2.532,2.294
1138,0.156,0.177,0.156,0.132,0.193,0.159,0.205,0.121,0.185,0.217
1139,1.033,1.098,1.018,1.324,1.349,1.12,1.344,1.334,1.447,0.94
1140,0.221,0.194,0.325,0.055,0.117,0.238,0.167,0.102,0.075,0.245
1141,1.214,1.238,1.167,1.228,1.244,1.238,1.245,1.25,1.201,1.226
1142,3.006,3.199,2.935,3.044,3.304,3.392,3.038,3.213,2.655,3.002
1143,0.63,0.644,0.656,0.537,0.575,0.395,0.714,0.686,0.542,0.713
1144,0.977,0.924,0.996,1.043,0.912,0.854,0.975,1.055,0.971,1.17
1145,0.104,0.071,0.036,0.031,0.031,0.032,0.041,0.052,0.038,0.033
1146,0.956,0.673,1.006,1.039,0.913,1.002,0.909,0.975,0.92,0.908
1147,0.488,0.102,0.622,0.02,0.238,0.003,0.542,0.378,0.006,0.457
1148,0.187,0.104,0.345,0.044,0.068,0.074,0.323,0.321,0.127,0.099
1149,0.18,0.414,0.393,0.713,0.241,0.002,0.421,0.268,0.011,0.61
1150,0.616,0.713,0.632,0.649,0.482,0.572,0.716,0.691,0.776,0.31
1151,0.452,0.954,0.444,0.568,0.515,0.535,0.312,0.677,0.096,0.337
1152,1.014,0.987,1.004,1.17,1.084,1.107,1.054,1.049,0.986,0.888
1153,0.013,0.027,0.031,0.014,0.03,0.006,0.011,0.015,0.004,0.024
1154,0.062,0.01,0.044,0.008,0.01,0,0.016,0.005,0,0.028
1155,0.008,0.005,0.002,0.026,0.005,0.014,0.001,0.018,0.004,0.002
1156,0.001,0,0.001,0,0.003,0,0.002,0,0.001,0
1157,0.026,0,0.026,0.027,0.043,0.003,0.015,0.04,0.003,0.003
1158,0.739,0.633,0.083,0.359,0.428,0.499,0.051,0.484,0.393,0.557
1159,0.037,0.046,0.022,0.034,0.05,0.035,0.027,0.037,0.017,0.034
1160,0,0,0,0,0,0,0,0,0,0
1161,0.229,0.14,0.177,0.231,0.215,0.107,0.153,0.149,0.19,0.314
1162,4.345,4.786,5.314,4.666,4.77,4.417,5.015,4.904,5.131,4.877
1163,0.516,0.574,0.497,0.49,0.53,0.497,0.514,0.519,0.523,0.514
1164,0,0,0.001,0,0,0.001,0,0,0,0
1165,1.944,1.95,2.092,1.915,1.819,1.79,1.917,1.923,2.339,1.851
1166,1.056,1.155,1.17,1.09,1.078,1.162,1.103,1.058,1.063,1.14
1167,1.098,1.102,1.107,1.023,1.098,1.147,1.075,1.057,1.129,1.153
1168,0.7,0.745,0.628,0.678,0.672,0.665,0.707,0.646,0.658,0.652
1169,0.467,0.392,0.322,0.519,0.508,0.481,0.497,0.458,0.455,0.331
1170,4.255,4.368,4.241,4.347,4.301,4.242,4.245,4.313,4.265,4.2
1171,5.457,5.585,5.676,5.388,5.387,5.444,5.474,5.364,5.444,5.568
1172,0.446,0.403,0.394,0.545,0.403,0.507,0.474,0.434,0.365,0.498
1173,1.134,1.112,0.917,1.155,1.175,1.074,1.061,1.121,1.231,0.936
1174,1.492,1.433,1.418,1.328,1.365,1.305,1.378,1.367,1.353,1.463
1175,1.102,1.06,0.87,1.15,1.124,1.09,1.051,1.093,1.122,0.916
1176,1.206,1.203,1.087,1.151,1.057,1.057,1.088,1.204,1.058,1.085
1177,1.428,1.592,1.491,1.465,1.329,1.314,1.558,1.674,1.734,1.382
1178,1.355,1.253,1.37,1.277,1.296,1.136,1.34,1.28,1.299,1.297
1179,4.525,4.389,4.293,4.395,4.449,4.385,4.409,4.624,4.318,4.5
1180,0,0,0,0,0.001,0,0,0,0,0
1181,0.232,0.237,0.184,0.15,0.183,0.241,0.269,0.254,0.278,0.21
1182,2.348,2.242,2.279,2.3,2.256,2.07,2.276,2.325,2.327,2.171
1183,4.899,5.071,5.019,4.677,5.117,4.669,4.837,4.657,4.937,5.097
1184,0.34,0.089,0.55,0.014,0.601,0.601,0.554,0.512,0.575,0.526
1185,1.224,0.916,1.265,1.009,1.194,1.174,1.294,1.362,1.326,1.275
1186,0.987,0.962,1.054,0.729,0.961,0.957,1.047,1.096,1.075,0.963
1187,0.083,0.061,0.063,0.047,0.082,0.068,0.073,0.065,0.075,0.067
1188,0.595,0.334,0.847,0.625,0.691,0.741,0.57,0.594,0.74,0.568
1189,0.379,1.236,0.855,0.948,0.923,0.999,1.174,0.921,0.897,0.975
1190,0.879,1.107,1.355,1.191,1.229,1.115,1.183,1.089,1.228,1.188
1191,0.09,0.068,0.104,0.073,0.097,0.066,0.136,0.187,0.154,0.065
1192,1.027,0.787,1.231,1.064,1.427,1.222,1.091,0.871,1.013,1.153
1193,0.161,0.128,0.37,0.173,0.504,0.118,0.208,0.289,0.14,0.125
1194,0.102,0.196,0.081,0.068,0.063,0.062,0.147,0.139,0.149,0.071
1195,0.065,0.237,0.241,0.194,0.203,0.146,0.262,0.245,0.227,0.162
1196,0.127,0.142,0.178,0.086,0.189,0.106,0.157,0.124,0.119,0.091
1197,0.003,0.002,0.02,0.008,0.055,0.001,0.011,0.004,0.009,0.002
1198,2.306,2.413,2.655,2.323,2.588,3.086,2.27,2.341,2.499,2.881
1199,3.494,5.062,4.942,5.239,4.788,4.272,5.162,4.984,4.67,4.793
1200,0,0,0,0,0,0.001,0,0.003,0,0
1201,0.014,0.016,0.006,0.009,0.017,0.015,0.009,0.015,0.012,0.018
1202,1.355,1.43,1.327,1.579,1.262,1.708,1.415,1.386,1.335,1.694
1203,0.584,0.566,0.41,0.609,0.614,0.548,0.592,0.643,0.603,0.554
1204,0,0,0,0,0,0.001,0,0,0,0
1205,0.747,0.397,0.459,0.835,0.929,0.747,0.506,0.829,0.926,0.685
1206,0.827,0.529,0.548,1.259,1.081,0.75,0.587,0.828,1.103,1.109
1207,5.015,3.216,3.534,3.152,3.625,4.815,3.792,3.297,4.083,4.356
1208,1.914,1.404,1.397,2.343,2.062,2.085,1.689,1.399,2.238,2.277
1209,1.741,1.955,2.166,2.541,2.473,2.274,2.334,1.357,2.533,2.446
1210,1.32,1.297,1.128,1.328,1.323,1.129,1.17,0.829,1.412,1.307
1211,1.994,1.985,1.699,2.122,1.887,2.486,2.148,1.382,2.564,2.502
1212,4.729,5.792,4.967,4.65,4.685,5.648,6.004,2.755,5.455,5.347
1213,1.735,2.225,1.638,1.942,1.73,1.802,1.865,1.784,1.785,1.678
1214,2.885,2.867,2.907,2.73,2.963,2.504,2.596,2.603,2.646,2.797
1215,4.838,5.596,4.811,4.611,4.522,4.836,4.678,4.932,4.996,4.951
1216,1.258,1.353,1.558,1.482,1.524,1.385,1.556,1.437,1.53,1.676
1217,0.821,1.105,0.756,0.722,1.05,0.703,0.644,0.679,0.608,0.957
1218,0.107,0.262,0.155,0.028,0.009,0.015,0.003,0.005,0.12,0.155
1219,4.489,4.818,4.988,4.034,4.41,4.404,4.363,4.559,5.587,5.704
1220,0.98,1.046,0.709,1.045,0.97,1.164,1.015,0.896,0.84,0.959
1221,0.104,0.144,0.064,0.11,0.119,0.098,0.102,0.1,0.067,0.082
1222,0,0.039,0.033,0.013,0.002,0.017,0.009,0.045,0.025,0.034
1223,4.792,4.892,5.139,4.621,4.136,4.944,5.215,5.145,4.118,3.867
1224,5.001,4.709,3.632,5.192,4.433,4.894,4.54,5.028,4.942,4.68
1225,0.028,0.013,0.011,0.034,0.007,0.018,0.055,0.034,0.066,0.051
1226,0.18,0.19,0.15,0.105,0.008,0.14,0.187,0.141,0.016,0.039
1227,5.718,5.565,5.65,5.678,5.715,5.788,5.777,5.896,5.788,5.733
1228,0.93,0.903,0.936,0.968,0.881,0.834,0.929,1.056,1.079,0.867
1229,0.006,0.009,0.017,0.005,0,0.003,0.005,0.005,0.005,0.02
1230,0.233,0.126,0.163,0.357,0.071,0.24,0.105,0.303,0.092,0.274
1231,4.816,4.389,4.676,5.031,4.724,6.002,5.1,4.259,4.938,4.92
1232,0.501,0.587,0.406,0.478,0.687,0.448,0.478,0.472,0.514,0.582
1233,0.026,0,0.026,0.021,0,0.008,0,0.064,0,0.015
1234,4.718,4.517,4.545,4.557,4.189,4.071,3.694,4.253,4.502,4.21
1235,4.914,5.271,4.592,4.723,5.227,5.006,4.783,4.892,5.253,5.249
1236,0.372,0.059,0.29,0.104,0.057,0.078,0.179,0.055,0.048,0.135
1237,0.801,0.116,0.958,0.688,0.074,0.667,0.254,0.452,0.817,0.588
1238,5.089,4.343,5.376,5.556,4.781,4.156,5.129,4.621,4.562,4.687
1239,1.244,0.634,1.256,1.011,0.613,0.688,0.868,0.508,0.61,0.848
1240,1.213,1.142,1.226,1.226,1.142,1.213,1.201,1.117,1.214,1.114
1241,1.909,1.587,1.932,1.801,1.692,1.774,1.756,1.658,1.708,1.638
1242,1.548,0.462,1.504,1.297,0.309,0.656,1.077,0.363,0.648,0.846
1243,1.016,0.288,0.577,0.831,0.381,0.918,0.44,0.601,0.542,0.658
1244,4.949,5.301,5.326,5.584,5.483,5.325,5.566,5.768,5.382,5.552
1245,4.093,3.712,3.596,3.68,3.655,4.01,3.812,3.622,3.819,3.672
1246,0.67,1.321,0.926,0.921,1.257,1.145,1.259,1.413,0.989,1.065
1247,3.996,4.703,3.865,3.544,4.118,4.226,4.333,5.025,3.693,4.125
1248,1.374,1.356,1.026,1.06,1.086,1.395,1.249,1.312,1.036,1.102
1249,1.265,1.093,1.346,1.264,1.306,1.242,1.201,1.281,1.188,1.266
1250,1.402,1.381,1.429,1.532,1.441,1.398,1.446,1.438,1.519,1.504
1251,0.69,0.63,0.621,0.676,0.757,0.743,0.459,0.647,0.669,0.753
1252,1.689,1.47,1.753,1.702,1.573,2.276,1.837,1.689,1.786,2.014
1253,0.421,0.269,0.432,0.371,0.374,0.44,0.351,0.639,0.926,0.567
1254,0.488,0.362,0.43,0.349,0.399,0.53,0.463,0.396,0.441,0.461
1255,0.006,0.003,0.008,0.016,0.001,0.008,0.003,0.007,0.002,0
1256,0.961,0.78,0.769,0.889,0.899,0.737,0.865,0.796,0.927,0.953
1257,0.006,0.036,0.006,0.152,0.059,0.066,0.129,0.061,0.043,0.026
1258,0.903,1.175,0.58,1.206,1.17,1.073,1.112,1.172,1.206,1.215
1259,0.887,0.51,0.822,0.792,0.619,0.442,0.504,0.643,0.078,0.755
1260,0.566,0.242,0.75,0.484,0.298,0.966,0.329,0.293,0.195,0.275
1261,1.507,1.268,1.192,1.22,1.258,1.281,1.26,1.261,1.205,1.246
1262,6.238,6.959,6.775,6.799,6.915,5.722,6.887,6.874,6.804,6.85
1263,1.006,1.162,1.248,1.254,1.267,1.149,1.368,1.233,1.157,1.238
1264,0.175,0.64,0.467,0.5,0.382,0.219,0.465,0.379,0.371,0.483
1265,1.047,1.718,1.584,1.254,1.072,0.732,1.118,1.394,1.653,1.554
1266,0.541,0.223,0.584,0.587,0.377,0.473,0.576,0.644,0.155,0.306
1267,0.373,0.255,0.563,0.426,0.233,0.425,0.354,0.51,0.53,0.396
1268,0.001,0.001,0.011,0,0,0.001,0.001,0.009,0.001,0.001
1269,1.337,0.852,1.398,1.374,1.096,1.396,1.235,1.618,1.438,1.187
1270,1.575,0.854,1.854,1.211,1.474,1.602,1.371,1.662,1.984,1.669
1271,1.957,1.373,1.205,0.553,1.552,1.522,0.996,0.663,0.647,0.566
1272,0.884,0.646,0.974,1.246,1.026,1.17,0.426,0.564,1.383,1.317
1273,1.461,1.051,1.046,1.099,0.925,1.125,1.106,1.209,1.001,0.792
1274,2.769,2.009,1.618,1.939,1.735,1.371,1.692,1.668,1.408,1.595
1275,2.019,2.148,1.988,2.154,2.129,2.097,2.103,2.25,1.993,2.266
1276,0.687,0.883,0.575,1.018,0.696,0.983,0.974,1.084,0.93,0.719
1277,0,0,0,0,0,0,0,0,0,0
1278,0.665,0.126,0.154,0.264,0.162,0.294,0.156,0.134,0.175,0.214
1279,0.265,0.001,0.603,0.002,0.004,0.026,0.053,0.533,0.005,0.001
1280,0.759,0.564,1.067,0.218,0.743,0.287,0.486,0.696,0.652,0.766
1281,1.287,0.708,0.924,0.164,0.46,0.605,0.253,0.593,0.678,0.727
1282,1.218,1.266,1.286,1.306,1.307,1.276,1.315,1.29,1.251,1.261
1283,1.946,1.572,1.869,1.578,1.507,1.532,1.544,1.806,1.619,1.607
1284,1.542,1.187,1.391,0.546,0.815,0.974,0.703,1.281,1.124,1.293
1285,0.986,0.05,0.873,0.021,0.057,0.346,0.033,0.77,0.038,0.047
1286,1.393,1.208,1.148,0.952,1.142,1.065,1.062,1.109,1.15,1.165
1287,1.12,1.133,1.222,1.18,1.112,1.222,1.106,1.216,1.097,0.959
1288,1.303,1.73,1.469,1.74,1.706,1.573,1.675,1.33,1.616,1.7
1289,0.626,0.618,0.65,0.692,0.672,0.587,0.573,0.648,0.666,0.74
1290,4.257,4.929,4.256,4.844,4.5,4.778,4.65,4.821,4.508,4.576
1291,1.931,1.999,1.922,2.001,1.95,2.009,1.924,2.017,1.993,2.018
1292,1.073,1.132,1.21,1.311,1.062,1.041,1.131,1.117,1.112,1.112
1293,1.256,1.364,1.438,1.333,1.276,1.239,1.392,1.315,1.34,1.37
1294,2.053,2.134,1.893,2.047,1.926,2.093,1.92,1.996,2.007,1.979
1295,1.018,1.038,1.145,1.264,1.033,0.911,1.15,1.061,1.271,1.296
1296,0.486,0.481,0.377,0.4,0.362,0.375,0.355,0.349,0.222,0.409
1297,0.665,0.515,0.568,0.403,0.538,0.639,0.498,0.596,0.523,0.411
1298,1.084,1.3,1.03,1.041,1.258,1.154,0.902,1.087,1.441,1.323
1299,2.107,2.054,1.946,2.152,1.721,2.244,2.186,2.195,1.966,2.095
1300,2.274,2.298,2.351,2.203,2.563,2.205,2.268,2.296,2.167,2.123
1301,5.406,5.164,6.018,5.143,5.799,4.514,5.469,5.93,5.39,5.017
1302,1.235,1.322,1.303,1.32,1.359,1.36,1.306,1.36,1.392,1.486
1303,0.399,0.872,0.111,0.961,0.945,0.647,0.254,0.102,1.161,1.583
1304,0.773,0.612,0.959,0.775,1.072,0.748,0.874,0.856,1.135,0.864
1305,0,0.002,0.007,0.001,0.001,0.005,0.002,0.002,0.003,0.001
1306,1.657,1.698,1.551,1.098,0.988,1.185,1.768,1.707,1.579,1.629
1307,6.131,6.082,6.114,6.047,6.11,6.087,6.046,6.107,5.989,6.025
1308,0.16,0.088,0.146,0.127,0.156,0.116,0.101,0.172,0.102,0.111
1309,0.001,0,0,0,0.001,0,0,0,0,0.034
1310,0.07,0.058,0.067,0.062,0.097,0.088,0.085,0.075,0.065,0.077
1311,0.512,0.486,0.49,0.503,0.611,0.558,0.497,0.518,0.448,0.544
1312,4.397,1.868,3.596,3.619,3.499,3.496,3.587,3.779,1.932,1.987
1313,0.008,0.001,0.001,0.005,0.013,0,0.002,0.002,0.01,0.009
1314,0.689,0.964,0.621,0.66,0.937,0.697,0.612,0.639,0.945,0.901
1315,1.779,1.983,1.85,1.905,1.907,1.878,1.885,1.85,1.951,2.073
1316,0.823,0.864,0.826,0.778,0.747,0.952,0.774,0.795,0.786,0.837
1317,0.808,0.876,0.806,0.837,0.933,0.73,0.837,0.831,0.839,0.994
1318,2.348,2.394,2.384,2.401,2.364,2.454,2.433,2.386,2.468,2.41
1319,0.872,1.017,0.624,0.845,0.863,0.715,0.667,0.868,0.965,0.974
1320,2.797,2.899,2.865,2.895,2.917,2.965,2.83,2.836,2.853,2.941
1321,0.547,1.004,0.598,0.601,0.806,0.528,0.509,0.548,0.845,0.871
1322,4.986,4.844,5.054,4.948,4.806,5.01,5.014,5.105,4.894,4.975
1323,0.476,0.37,0.525,0.374,0.444,0.421,0.499,0.503,0.474,0.763
1324,1.701,1.648,1.766,1.529,1.735,1.679,1.738,1.711,1.702,1.6
1325,2.37,2.423,2.416,2.301,2.396,2.399,2.452,2.433,2.412,2.343
1326,0.746,0.781,0.601,0.413,0.605,0.506,0.595,0.634,0.594,0.576
1327,1.03,1.032,0.854,0.553,0.27,0.485,1.083,1.084,0.716,0.969
1328,2.135,2.14,2.027,1.927,1.956,2.129,1.962,2.047,1.769,1.982
1329,1.592,1.473,1.556,1.423,1.638,1.632,1.456,1.453,1.608,1.664
1330,3.969,3.983,4.153,4.07,4.27,4.383,4.496,4.566,4.656,4.453
1331,1.845,1.707,1.998,2.105,1.773,1.642,1.998,1.798,1.896,1.841
1332,2.767,2.831,2.697,3.195,2.652,2.741,3.405,3.625,2.533,2.683
1333,4.897,4.531,5.198,5.148,4.833,5.038,4.857,3.967,4.752,4.736
1334,1.648,1.522,1.655,1.736,1.576,1.571,1.508,1.499,1.424,1.637
1335,0.796,0.852,1.028,0.545,0.927,0.87,1.12,1.207,0.596,0.749
1336,0.063,0.01,0.405,0.183,0.06,0.19,0.11,0.107,0.01,0.073
1337,5.212,4.476,5.728,5.057,4.856,5.389,4.663,3.72,3.948,4.646
1338,0.92,0.831,1.639,1.022,0.925,0.968,1.012,1.094,0.852,0.878
1339,0.066,0.089,0.072,0.032,0.114,0.084,0.133,0.092,0.098,0.094
1340,0.042,0.017,0.021,0.068,0.03,0.036,0.015,0.01,0.018,0.046
1341,4.046,5.494,2.87,4.47,4.716,4.597,5.241,4.755,4.675,4.52
1342,5.021,5.104,4.609,5.069,4.438,4.977,4.959,4.958,4.502,5.437
1343,0.017,0.007,0.023,0,0.018,0.016,0.021,0.059,0.138,0.011
1344,0.026,0.07,0.017,0.053,0.185,0.098,0.096,0.094,0.1,0.033
1345,5.634,5.796,5.686,5.75,5.829,5.599,5.847,5.861,5.572,5.717
1346,0.891,1.085,0.928,0.879,0.927,0.963,0.882,0.949,1.103,1.018
1347,0.004,0,0.007,0,0.005,0.001,0.006,0.011,0.008,0.004
1348,0.376,0.297,0.119,0.098,0.135,0.083,0.153,0.087,0.095,0.15
1349,4.846,4.653,4.905,6.139,5.04,4.984,5.487,5.733,4.805,5.095
1350,0.411,0.429,0.499,0.369,0.479,0.531,0.537,0.347,0.328,0.541
1351,0.011,0.009,0,0.002,0.068,0,0.004,0.023,0.001,0.01
1352,3.729,3.995,3.94,4.864,4.466,4.047,3.946,4.114,5.086,4.33
1353,4.851,4.781,4.74,4.492,4.982,4.633,4.966,4.373,4.475,5.119
1354,0.048,0.039,0.059,0.347,0.046,0.058,0.06,0.03,0.212,0.049
1355,0.439,0.767,0.716,1.002,0.455,0.25,0.43,0.784,0.85,0.657
1356,4.36,5.109,5.175,4.877,4.652,5.092,4.848,5.368,5.881,4.708
1357,0.635,0.673,0.659,1.536,0.92,0.935,0.678,1.069,0.999,0.593
1358,1.166,1.199,1.19,1.238,1.269,1.327,1.257,1.204,1.185,1.233
1359,1.936,1.842,1.924,1.956,1.819,1.881,1.857,1.833,2.016,1.9
1360,0.665,0.829,0.6,1.814,0.942,0.901,0.724,1.118,0.636,0.657
1361,0.479,0.873,0.575,0.218,0.478,0.077,0.232,0.795,0.71,0.665
1362,4.915,4.952,4.98,4.457,5.014,5.475,5.388,5.109,4.798,4.985
1363,2.932,4.093,3.879,3.502,5.417,4.581,5.237,3.238,3.057,3.632
1364,1.276,0.723,0.814,0.732,0.744,0.963,1.099,1.181,0.611,0.537
1365,4.6,3.963,2.703,3.659,3.711,2.998,2.77,3.506,3.961,3.128
1366,1.076,1.065,0.542,1.118,0.937,0.725,0.788,1.135,1.097,1.066
1367,1.295,1.179,1.3,1.211,1.44,1.266,1.332,1.241,1.378,1.179
1368,1.452,1.526,1.327,1.363,1.457,1.511,1.421,1.267,1.509,1.472
1369,0.971,0.699,0.729,0.731,0.93,0.637,0.732,0.737,0.612,0.716
1370,1.951,2.111,1.721,1.716,2.012,1.57,1.671,2.163,1.792,1.979
1371,0.321,0.39,0.682,0.596,0.389,0.408,0.415,0.67,0.602,0.614
1372,0.527,0.419,0.438,0.405,0.629,0.342,0.384,0.345,0.253,0.381
1373,0.001,0.001,0,0.051,0.013,0.009,0.001,0.053,0.101,0.026
1374,0.872,0.809,0.832,0.864,0.812,0.76,1.068,0.915,0.867,0.955
1375,0.078,0.3,0.051,0.038,0.026,0.005,0.007,0.012,0.078,0.018
1376,0.753,1.404,0.798,0.618,1.284,1.056,1.302,1.019,0.728,0.859
1377,0.322,0.861,0.593,0.246,0.795,0.639,1.02,0.512,0.33,0.576
1378,0.787,0.606,0.984,0.86,1.385,0.489,0.426,0.949,0.597,0.678
1379,1.263,1.211,1.297,1.207,0.43,1.415,1.446,1.208,1.199,1.301
1380,6.202,6.38,6.551,5.96,5.925,6.824,6.876,6.514,5.994,6.495
1381,1.301,0.655,1.198,1.207,1.239,0.611,1.01,1.226,1.223,1.078
1382,0.327,0.361,0.392,0.259,0.265,0.178,0.544,0.456,0.3,0.505
1383,1.738,1.68,1.757,0.929,1.205,0.972,1.274,1.631,1.79,1.637
1384,0.649,0.654,0.406,0.515,0.492,0.469,0.043,0.064,0.713,0.232
1385,0.436,0.29,0.327,0.406,0.46,0.493,0.4,0.367,0.416,0.298
1386,0.002,0,0.01,0.037,0.004,0.002,0,0.098,0.046,0.056
1387,1.154,1.111,1.396,1.199,1.384,1.301,0.882,1.043,1.274,1.108
1388,0.826,1.489,1.893,1.092,1.542,1.648,1.234,0.842,1.037,1.656
1389,0.202,0.076,0.206,0.291,1.174,0.917,0.965,0.872,1.335,0.195
1390,1.234,0.318,0.984,1.291,1.256,1.663,0.805,0.953,0.4,1.235
1391,1.168,1.157,1.004,1.137,1.05,0.889,0.88,0.86,1.226,1.181
1392,2.074,1.201,2.247,1.761,1.838,2.249,2.128,2.214,1.75,1.835
1393,2.051,2.1,1.935,2.176,2.104,1.812,2.222,2.166,2.195,1.929
1394,0.783,0.288,0.919,0.548,1.004,0.903,0.9,0.898,1.003,0.272
1395,0,0,0,0,0.001,0,0,0,0,0
1396,0.165,0.292,0.281,0.254,0.301,0.174,0.427,0.163,0.359,0.41
1397,0.001,0.024,0.065,0.01,0.121,0.099,0.048,0.009,0.007,0
1398,0.802,0.565,1.007,0.49,0.622,1.026,0.625,0.77,0.592,0.519
1399,0.659,0.963,0.931,0.411,0.88,1.069,0.806,0.74,0.803,0.783
1400,1.253,1.227,1.188,1.162,1.267,0.766,1.183,1.258,1.289,1.28
1401,1.655,1.717,1.885,1.532,1.655,1.518,1.588,1.599,1.65,1.585
1402,1.044,0.805,0.973,0.704,0.938,1.401,0.966,1.013,0.966,0.649
1403,0.034,0.496,0.257,0.372,0.552,0.925,0.092,0.062,0.277,0.057
1404,0.716,1.038,0.863,1.016,0.958,1.107,0.994,1.108,0.84,0.986
1405,1.08,0.97,0.998,1.278,1.12,1.22,1.249,1.107,1.098,0.981
1406,1.838,1.485,1.852,1.436,1.729,1.647,1.369,1.714,1.344,1.702
1407,0.661,0.606,0.551,0.517,0.377,0.556,0.637,0.635,0.537,0.433
1408,4.745,4.508,4.678,4.412,4.368,4.469,4.553,4.755,4.672,4.59
1409,1.899,1.817,1.948,1.933,1.851,1.876,1.908,1.954,2.05,1.766
1410,1.19,1.132,1.197,1.279,1.404,0.984,1.365,1.074,1.045,1.14
1411,1.508,1.387,1.394,1.425,1.396,1.398,1.499,1.276,1.302,1.505
1412,2.049,1.924,1.951,1.947,1.912,2.008,1.984,2.231,2.213,1.958
1413,1.277,1.259,1.073,1.211,1.107,1.216,1.265,0.878,0.912,1.297
1414,0.476,0.371,0.435,0.436,0.372,0.388,0.332,0.437,0.36,0.359
1415,0.477,0.641,0.681,0.672,0.671,0.597,0.614,0.496,0.518,0.55
1416,1.338,0.827,1.32,1.152,1.158,1.892,2.35,1.769,2.039,1.213
1417,1.898,1.834,1.772,2.079,1.449,1.588,1.593,1.616,1.631,1.584
1418,2.5,2.302,2.378,2.191,2.397,2.312,2.176,2.436,2.338,2.25
1419,5.357,5.434,6.017,4.604,5.903,5.127,4.758,4.747,4.723,5.594
1420,1.492,1.288,1.342,1.304,1.328,1.186,1.202,1.16,1.192,1.287
1421,1.192,0.327,0.666,0.66,0.522,1.118,1.461,1.334,1.203,0.282
1422,0.678,0.995,0.86,0.892,0.735,0.804,0.632,0.438,0.465,1.032
1423,0.001,0.007,0.002,0.001,0.007,0.002,0,0.001,0.001,0.013
1424,1.253,1.337,1.541,0.993,1.073,1.319,1.43,1.429,1.528,1.412
1425,6.04,6.087,6.112,6.005,5.823,6.146,6.05,6.102,6.145,6.016
1426,0.094,0.144,0.129,0.098,0.127,0.163,0.088,0.106,0.127,0.112
1427,0,0.002,0,0.005,0,0.001,0.005,0,0.006,0
1428,0.074,0.058,0.08,0.08,0.069,0.078,0.078,0.073,0.075,0.087
1429,0.467,0.486,0.464,0.501,0.438,0.515,0.472,0.453,0.468,0.505
1430,2.016,2.376,2.706,3.81,1.884,4.239,1.967,1.956,1.932,2.253
1431,0.005,0.001,0.009,0.009,0.007,0.001,0.006,0.008,0.008,0.006
1432,0.772,0.633,0.858,0.783,0.671,0.54,0.593,0.667,0.605,0.605
1433,1.924,1.996,1.963,1.85,2.01,1.782,2.008,1.911,1.857,1.924
1434,0.914,0.912,0.918,0.808,0.942,0.925,0.84,0.984,0.837,0.918
1435,0.831,0.845,0.929,0.904,0.86,0.787,0.761,0.847,0.903,0.798
1436,2.355,2.446,2.429,2.362,2.437,2.345,2.445,2.444,2.392,2.368
1437,0.558,0.748,0.918,0.758,0.581,0.559,0.557,0.686,0.722,0.653
1438,2.823,2.915,2.912,2.845,2.83,2.872,2.818,2.92,2.85,2.922
1439,0.653,0.605,0.785,0.72,0.684,0.57,0.583,0.609,0.582,0.524
1440,4.943,4.986,5.198,4.94,4.951,4.907,4.93,4.94,4.912,5.061
1441,0.502,0.52,0.566,0.564,0.693,0.511,0.491,0.405,0.441,0.466
1442,1.753,1.681,1.763,1.774,1.728,1.728,1.747,1.639,1.716,1.695
1443,2.407,2.428,2.372,2.346,2.438,2.397,2.361,2.367,2.408,2.35
1444,0.73,0.522,0.683,0.758,0.892,0.633,0.61,0.707,0.734,0.528
1445,0.616,0.545,0.929,0.246,0.454,0.656,0.928,0.927,0.935,0.821
1446,2.135,1.965,2.077,1.985,2.049,2.062,2.14,2.111,1.996,2.081
1447,1.652,1.602,1.635,1.773,1.697,1.616,1.499,1.618,1.608,1.476
1448,3.836,4.268,4.015,4.017,4.055,4.468,4.228,3.651,3.678,4.498
