,wt_mean,mutant_mean,p_score
0,83.5633,83.55420000000001,0.953322037193846
1,92.3226,92.6029,0.22178282762772422
2,51.687599999999996,51.7063,0.5085327904864392
3,73.57239999999999,73.4959,0.1261618404659665
4,70.6795,70.7105,0.7026637190685286
5,62.61920000000001,62.803,0.16813022178284057
6,41.352999999999994,41.0122,0.16423670007672572
7,62.0955,61.9255,0.3322691860182331
8,62.1342,62.04780000000001,0.8153155222307312
9,37.481,37.48270000000001,0.9912384397876937
10,53.4575,53.3149,0.3485897616145113
11,52.84430000000001,52.806799999999996,0.7439186492646936
12,50.7544,50.783500000000004,0.29524741874005633
13,72.93429999999998,72.9425,0.8551122325671209
14,42.0921,41.699,0.03422614558622396
15,50.890100000000004,50.9577,0.15779887510884757
16,93.167,92.5959,0.007021430067924224
17,61.317099999999996,61.3889,0.008113105660425272
18,72.4428,72.4229,0.630229689651898
19,41.5044,41.6628,0.07539279483568452
20,36.83290000000001,36.8374,0.761423250903774
21,62.259,62.345000000000006,0.057564711124184875
22,72.58810000000001,72.4059,0.02884299602460636
23,51.49799999999999,51.516099999999994,0.8286473656417042
24,70.0231,69.98440000000001,0.32107457107835663
25,72.2829,72.3051,0.6822904611003101
26,72.4731,72.38680000000001,0.18294545263410936
27,50.081,49.92809999999999,0.09184331180224124
28,70.6234,70.4438,0.23542450449932179
29,70.6427,70.41250000000001,0.04847824670004641
30,24.3909,24.2679,0.24926163265229181
31,49.564699999999995,49.504599999999996,0.546345498392737
32,50.8693,50.876200000000004,0.9041376217928753
33,56.7548,56.47619999999999,0.0033397745707291295
34,39.0634,39.0372,0.8335232677728968
35,91.0008,90.88310000000001,0.46226127309433807
36,51.905499999999996,51.7653,0.24321167094370336
37,56.8892,56.7793,0.4022284187322709
38,37.4701,37.48369999999999,0.7171742986911653
39,71.3321,71.3514,0.7934840743588376
40,24.6038,24.501299999999997,0.15782529118132463
41,79.8005,79.8337,0.6837691889480109
42,51.58390000000001,51.649,0.7420277057396724
43,39.50160000000001,39.400000000000006,0.07939609561935423
44,51.48479999999999,51.2666,0.036308624763476974
45,37.205600000000004,37.239999999999995,0.496860784928708
46,37.211200000000005,37.223,0.6473136002661029
47,62.6279,62.590700000000005,0.32730555101362824
48,51.349900000000005,51.181,0.16180885763622999
49,90.16210000000001,90.05610000000001,0.11086868263883194
50,37.41949999999999,37.394699999999986,0.45086241991344134
51,93.1266,93.06309999999999,0.6851797136129065
52,61.529700000000005,61.5905,0.11538505297570795
53,60.6232,60.497,0.00962026570860401
54,61.076800000000006,61.1183,0.11087178878610784
55,37.5766,37.5821,0.859634634576572
56,39.837999999999994,39.8899,0.38698048780083627
57,72.0389,72.0432,0.8513996554615895
58,72.4912,72.52159999999999,0.42737639827716045
59,24.215799999999998,24.128300000000003,0.11322630215416629
60,37.2628,37.271699999999996,0.6867524007048121
61,40.3284,40.695,0.08803109351163627
62,50.8583,50.8223,0.04762889206553432
63,91.6473,91.6499,0.9840975549985798
64,52.055400000000006,52.2452,0.40461942511139304
65,72.49639999999998,72.48400000000001,0.761573874150201
66,73.16040000000001,73.32359999999998,0.02738837359760088
67,65.3006,65.3943,0.07240075563901946
68,52.8645,52.8172,0.4525645220066321
69,41.2168,40.97599999999999,0.258894446219615
70,24.0505,24.1281,0.019665234058757204
71,37.907799999999995,37.8172,0.11984948977420182
72,52.6998,52.6337,0.5469569860265479
73,53.9976,53.924699999999994,0.6896918327452242
74,39.9716,39.883300000000006,0.4372006016522014
75,51.248000000000005,51.038700000000006,0.10004563381378204
76,51.453700000000005,51.6232,0.19424130245613602
77,72.4298,72.4596,0.6563849137654707
78,37.4742,37.469899999999996,0.9145367095801118
79,72.65639999999999,72.6755,0.6909886698609314
80,83.19129999999998,83.13629999999999,0.6712782014339477
81,24.4439,24.622700000000002,0.011349052236037353
82,61.1639,61.1715,0.8427397466214575
83,36.974599999999995,36.9306,0.19848445769711465
84,91.26910000000001,90.881,0.08155857154900926
85,64.9914,65.06099999999999,0.012076280662986749
86,70.73479999999999,70.3887,0.00014709352097627432
87,90.8423,90.7762,0.6724987412695076
88,38.618100000000005,38.901799999999994,0.0028591683122805283
89,90.219,90.43640000000002,0.25444727693192354
90,83.08280000000002,82.74300000000001,0.008223588563719615
91,83.59869999999998,83.6365,0.635778914557444
92,58.74210000000001,58.6798,0.5090391427701861
93,72.52990000000001,72.5669,0.44701398102689693
94,72.7708,72.8273,0.35198043187999917
95,53.21900000000001,53.1644,0.6462915770730528
96,52.4092,52.0564,0.008088511840128366
97,60.687200000000004,60.704600000000006,0.7313981640192475
98,52.2851,52.3351,0.6382767621222865
99,53.7419,53.625600000000006,0.5251708323677964
100,56.6785,56.7727,0.21443798175689033
101,83.4499,83.3176,0.40319012235274865
102,37.5403,37.432300000000005,0.2833615565117963
103,62.056799999999996,62.143600000000006,0.025522248020456998
104,72.6995,72.67349999999999,0.5865205296256242
105,41.365199999999994,41.278499999999994,0.5495469396209947
106,39.7743,39.70119999999999,0.3832750608660116
107,37.106399999999994,37.08489999999999,0.7554713528520717
108,91.3052,91.2204,0.6886179829461958
109,39.72070000000001,39.8029,0.3079847316734602
110,72.4099,72.48079999999999,0.025181587804996592
111,51.6066,51.4172,0.5192648475360642
112,36.958000000000006,36.8947,0.011290436085604857
113,50.9927,51.1033,0.4288058625038801
114,24.152,24.141599999999997,0.6938312182049979
115,65.19590000000001,65.1852,0.6772186425885101
116,60.6452,60.783000000000015,0.09075290037938412
117,61.0646,61.0816,0.5698651645421972
118,52.53190000000001,52.6035,0.27803670920825396
119,70.56389999999999,70.44760000000001,0.33740247258907896
120,73.0221,73.10730000000001,0.25248907542466853
121,50.85940000000001,50.923500000000004,0.007110444009560882
122,61.250800000000005,61.273,0.5099206544565642
123,61.448699999999995,61.47859999999999,0.7869023276565942
124,82.3535,82.39630000000001,0.29966573269175806
125,38.79430000000001,38.8226,0.5786689263625888
126,24.774299999999997,24.752299999999998,0.797097662942027
127,72.8499,72.89320000000001,0.5235562391257909
128,72.65150000000001,72.6926,0.3713664015992686
129,40.1357,40.0846,0.35952870241116386
130,72.3887,72.3818,0.8644905112870597
131,83.19389999999999,83.1956,0.9775468779882779
132,50.4814,50.5586,0.24558888084356184
133,72.1742,72.29799999999999,0.002651388596439912
134,51.052099999999996,51.1746,0.11679882516528496
135,36.89,36.9607,0.10907853982225753
136,37.0774,37.220600000000005,0.06023842777628829
137,72.3609,72.5016,0.08681144966526727
138,61.129599999999996,61.083600000000004,0.5741884141775391
139,50.960300000000004,50.9644,0.9090798102953157
140,40.214600000000004,39.9744,0.12418878686861605
141,52.708000000000006,52.64549999999999,0.29757279064697006
142,40.6332,40.641799999999996,0.9038286882434712
143,72.3031,72.3541,0.18512475346967083
144,61.9562,61.96569999999999,0.8494813204261934
145,40.1254,40.1403,0.8840503190180202
146,61.799800000000005,61.8756,0.15934514538069033
147,62.824400000000004,62.7967,0.7340628411664591
148,53.7408,52.94970000000001,0.00747749498762837
149,61.0298,60.99280000000001,0.03995349807114638
150,51.04710000000001,51.419500000000006,0.025227491396647435
151,49.5866,49.493399999999994,0.6095413318194153
152,52.215999999999994,52.104499999999994,0.6435477543020325
153,72.50890000000001,72.6108,0.037588656880668245
154,24.716199999999997,24.7097,0.9234793839433222
155,61.915099999999995,62.0302,0.20002296941930103
156,82.82889999999999,82.78569999999999,0.415159899028804
157,61.1278,60.8446,0.0018502150403722634
158,51.3125,51.3264,0.6967954512591883
159,73.86670000000001,73.88510000000001,0.760109389577374
160,36.9156,36.9332,0.37421187560990066
161,50.99980000000001,50.973400000000005,0.5695310790509571
162,73.60279999999999,73.663,0.34518926915555614
163,25.558,25.654599999999995,0.15145935059499438
164,91.0835,91.1875,0.3425160617931442
165,72.78880000000001,72.7426,0.47689516569436985
166,37.6235,37.722699999999996,0.30606668310889895
167,40.12,40.150600000000004,0.8050854436779675
168,39.218900000000005,39.425599999999996,0.022861142420457312
169,90.82939999999999,90.79820000000001,0.7783240301262222
170,82.48740000000001,82.4919,0.9117998512562462
171,61.186699999999995,61.2347,0.26195289247051784
172,70.3746,70.3631,0.8984089878984993
173,66.2807,66.271,0.8605391298160767
174,57.9859,57.900099999999995,0.320613827114383
175,52.429899999999996,52.7525,0.129310281084637
176,41.458299999999994,41.2061,0.14041651214204712
177,38.513600000000004,38.5274,0.8853305521036093
178,37.5668,37.681599999999996,0.34507122043719995
179,61.1428,60.851699999999994,0.14268865297224562
180,37.858999999999995,37.7388,0.09313717296219592
181,62.01859999999999,62.11900000000001,0.2101287859772603
182,23.928800000000003,24.0012,0.31239745938558583
183,83.2541,83.243,0.9459933664910383
184,72.57109999999999,72.58200000000001,0.8732938702775184
185,50.83050000000001,50.85880000000001,0.14763147626280948
186,72.08689999999999,72.1071,0.644399103943867
187,39.819,39.9289,0.2138336127536542
188,61.74739999999999,61.7213,0.40880272432754583
189,49.79480000000001,49.7004,0.40008254596356396
190,39.4048,39.3691,0.40917702883695395
191,62.116499999999995,62.2193,0.03903541278256812
192,82.93950000000001,82.8424,0.6293948796915259
193,72.88739999999999,73.01410000000001,0.2416502094818954
194,41.124199999999995,41.0253,0.6640342172055871
195,72.33500000000001,72.23639999999999,0.07817106702730743
196,63.007000000000005,63.011900000000004,0.9383481076973395
197,40.2121,40.15220000000001,0.6298280033763846
198,72.4888,72.50919999999999,0.6758058094187485
199,38.8023,38.839800000000004,0.5430598016934188
200,25.0148,25.1315,0.18964592162148947
201,56.5407,56.4895,0.7928309623227086
202,71.0516,71.15059999999998,0.07989927457382616
203,70.98049999999998,70.84080000000002,0.34947702724876883
204,23.9393,24.015300000000003,0.2722628958308119
205,51.0156,50.6733,0.005834964061712619
206,84.31730000000002,83.3261,0.004728826409118526
207,24.6695,24.221600000000002,0.04606330568334438
208,62.146699999999996,61.85029999999999,0.0765427558546622
209,25.1522,25.040200000000002,0.10985133461144977
210,38.1449,38.1828,0.5463816260012896
211,73.55239999999999,73.6987,0.0809536592182653
212,71.32520000000001,71.50840000000001,0.3052132778168846
213,72.4127,72.6354,0.03146536305696759
214,91.61410000000001,91.46860000000001,0.27048798447971545
215,92.093,91.6397,0.06128203635657083
216,90.42099999999999,90.6369,0.20369217360123612
217,50.789100000000005,50.843999999999994,0.22799796983111267
218,91.54270000000001,91.79940000000002,0.27525408024353826
219,61.173500000000004,61.2297,0.27184322918872256
220,90.8733,90.7279,0.20490271284332423
221,61.123900000000006,61.134899999999995,0.7808034874196682
222,51.3403,50.8035,1.7132640257997666e-05
223,36.9729,36.9975,0.6611195242272077
224,72.5621,72.3396,0.02738794046651266
225,61.7426,61.691700000000004,0.7737115238847347
226,39.8527,40.11370000000001,0.17727369328351278
227,24.467399999999998,24.3806,0.5641685662944159
228,24.7317,24.345599999999997,0.0005668411719159477
229,24.0244,24.0993,0.15509835325881097
230,61.5912,61.5914,0.9987272345301301
231,52.212,52.283,0.5124718926277138
232,90.9374,90.82390000000001,0.45570847828265104
233,24.144299999999998,24.1078,0.34635431054950194
234,62.6211,62.4774,0.17385812441379012
235,92.0165,91.8481,0.5148694688484284
236,39.51890000000001,39.7494,0.1428199164433009
237,24.482400000000002,24.5524,0.5357269391638353
238,51.6463,51.6084,0.7018782779246474
239,61.20470000000002,61.0318,0.15920979562605428
240,51.5193,51.4876,0.6513071339428775
241,52.31510000000001,52.0289,0.06509548326440973
242,51.088300000000004,51.015499999999996,0.07592556921742154
243,72.59389999999999,72.66890000000001,0.009326938809061273
244,61.5342,61.5222,0.7982206891021939
245,61.788799999999995,61.7063,0.3475614112803018
246,24.7218,24.6635,0.24681849463347771
247,72.9267,73.04589999999999,0.0062215297401817
248,24.613599999999998,24.610799999999998,0.9636431509429262
249,37.991,37.9161,0.27789696601931657
250,37.6164,37.58910000000001,0.6307250923341614
251,36.9873,36.898300000000006,0.09342946449398475
252,50.9405,50.7851,0.009534993944377393
253,61.967099999999995,62.014300000000006,0.4181492242984496
254,37.4027,37.455600000000004,0.35062086757241273
255,60.452200000000005,60.4175,0.4383313165358579
256,60.5452,60.982899999999994,0.04284974307330288
257,53.9899,54.3206,0.14999785354620068
258,62.4941,62.4548,0.5849038820876644
259,51.1959,51.28770000000001,0.5315011328465981
260,71.0307,70.9203,0.5387878305651614
261,41.3358,41.5755,0.3087517023827122
262,56.858799999999995,56.937799999999996,0.48767726163265956
263,82.9079,82.8192,0.41278309606764396
264,91.69999999999999,91.86249999999998,0.5118509612900317
265,73.697,73.4854,0.09244233832227715
266,39.2664,39.39789999999999,0.4787969259228396
267,82.71540000000002,82.84140000000001,0.07114938134376603
268,72.6566,72.6555,0.9882476448708064
269,40.291000000000004,40.3722,0.5306583803967768
270,50.8986,50.9109,0.9074474359525626
271,91.24769999999998,91.1928,0.5775257474292953
272,72.59889999999999,72.58629999999998,0.7924323017387226
273,73.22099999999999,73.1934,0.7396845830522429
274,60.5909,60.602599999999995,0.8915632399767588
275,50.137899999999995,50.114200000000004,0.7967890359520734
276,72.6974,72.7045,0.854347761804746
277,62.2931,62.254200000000004,0.3980248202906035
278,82.39200000000001,82.42779999999999,0.2937512165999945
279,39.602599999999995,39.6253,0.7496595404153272
280,72.1077,72.13300000000001,0.4539654226027945
281,51.514199999999995,51.60359999999999,0.10351984519285941
282,39.7474,39.8661,0.18185122798727124
283,61.00079999999999,60.939800000000005,0.2132664447354194
284,62.183499999999995,62.1554,0.5525904818358724
285,62.070899999999995,62.02819999999999,0.1212169350955846
286,50.235699999999994,50.2255,0.9302899961003629
287,23.868499999999997,23.849500000000003,0.3418997949289716
288,40.5792,40.6942,0.44460484896240593
289,50.698,50.691199999999995,0.7724121477000934
290,83.33349999999999,83.4488,0.4742131362633415
291,57.522800000000004,57.55350000000001,0.7811622351288514
292,56.941700000000004,56.7706,0.38348246683784426
293,70.41369999999999,70.4761,0.41206848720183364
294,50.952000000000005,51.085699999999996,0.015709160276769288
295,24.197,24.3975,0.006531828852696193
296,36.4563,36.451100000000004,0.962903198041311
297,73.1217,73.0951,0.7422439430222665
298,50.9,50.739000000000004,0.2351898143806309
299,72.7664,72.8623,0.11990704027633291
300,40.5282,40.80919999999999,0.03647384878298409
301,65.1831,65.2989,0.08299208216952512
302,37.8456,37.7726,0.20723652374621884
303,70.83020000000002,71.161,0.1842450455653165
304,60.948,60.9923,0.5917770292824394
305,50.8322,50.613800000000005,0.1570367391993876
306,24.819200000000002,25.012400000000003,0.1444158083177818
307,51.564,51.1591,0.007151540989013717
308,40.16160000000001,39.9092,0.18453840421245618
309,72.56550000000001,72.49300000000001,0.4536624707419826
310,72.5265,72.65849999999999,0.03059821191064966
311,62.021100000000004,62.0357,0.3791018632862192
312,37.3524,37.3185,0.4720309414830909
313,72.56530000000001,72.55409999999999,0.8339829677766711
314,83.3747,83.37409999999998,0.9958562502714277
315,41.7109,41.7245,0.9665259629219812
316,61.093,61.1355,0.3314985316199227
317,38.113099999999996,38.3217,0.038215445321139525
318,72.3604,72.47149999999999,0.12123733722300367
319,39.8891,39.6391,0.3652979934289837
320,38.836,38.916799999999995,0.5582982116467564
321,24.392500000000002,24.6459,0.07434161104415145
322,39.664699999999996,39.6942,0.9108931596159624
323,37.2479,37.14540000000001,0.1656446282962934
324,36.5154,36.4172,0.447181171899002
325,51.9091,51.9643,0.7246752505008078
326,38.994899999999994,39.0743,0.434216477565618
327,37.0937,37.1967,0.3647241497833035
328,39.297399999999996,39.24589999999999,0.7849052860299195
329,72.4321,72.6147,0.24985526481277323
330,52.2241,52.0665,0.5219883124712972
331,50.971700000000006,50.8788,0.2331059105112009
332,39.4882,39.1181,0.006312551779588389
333,71.376,71.28729999999999,0.5364443869345581
334,61.65830000000001,61.39,0.023794077619615606
335,72.7367,72.75309999999999,0.7385002283816509
336,90.5338,90.58579999999999,0.8159338515742672
337,37.1429,37.2303,0.004763893994600256
338,72.5073,72.50019999999999,0.8448071906196504
339,24.0533,24.021000000000004,0.1303313307792341
340,52.199,52.2528,0.37151735968878863
341,39.74400000000001,39.834900000000005,0.21284192190258638
342,51.765,51.54559999999999,0.007946933112765559
343,39.919900000000005,39.6237,0.014880382327221997
344,73.20930000000001,73.1597,0.6763456130553567
345,37.8915,37.7673,0.26200967144396325
346,56.9893,57.0693,0.554811484608621
347,39.962599999999995,39.835699999999996,0.30341823897757814
348,39.5267,39.2551,0.052350202101821626
349,72.6394,72.75609999999999,0.07634417394089545
350,92.20060000000001,92.09309999999999,0.590437554177447
351,66.3845,66.32849999999999,0.4646592125956093
352,24.6462,24.311400000000003,0.05500345094474111
353,72.4458,72.4388,0.9614728321079171
354,24.177999999999997,24.0942,0.27690776896152625
355,91.3349,91.6279,0.19729567292177216
356,65.34049999999999,65.11930000000001,0.024129269391858596
357,51.78249999999999,51.75699999999999,0.8373817905078432
358,54.1057,54.233799999999995,0.64103834970734
359,53.3455,53.4125,0.7517890733114784
360,50.8589,51.059400000000004,0.2900870905505054
361,53.1961,52.89649999999999,0.014282189157640806
362,61.509800000000006,61.4855,0.5292445618087986
363,40.2744,40.350699999999996,0.6223703672646873
364,70.91779999999999,70.8866,0.801785350675305
365,53.2697,53.4679,0.08455119413586074
366,61.875000000000014,61.86800000000001,0.8348744957066621
367,50.5266,50.418400000000005,0.22600507444475096
368,83.27350000000001,83.16819999999998,0.46466930472049905
369,37.18599999999999,37.253,0.4096930829490337
370,72.7507,72.7199,0.46746452558939733
371,60.5523,60.5634,0.7923152244097371
372,56.6198,56.8942,0.006095534942605962
373,61.472500000000004,61.4511,0.6578946857467702
374,82.6621,82.59580000000001,0.33372956472944837
375,90.47319999999999,90.39750000000001,0.6286669539744763
376,72.57379999999999,72.5821,0.8973858002136703
377,91.5887,91.4336,0.21115697295128616
378,50.8892,50.9491,0.6164305018327483
379,62.55730000000001,62.5591,0.9651448485035661
380,39.4448,39.400600000000004,0.7590847473073943
381,50.891200000000005,50.8641,0.17692908564825696
382,72.59769999999999,72.144,0.00011052117055586734
383,79.88380000000001,79.4164,0.005930681785983474
384,52.35850000000001,51.965500000000006,0.18282586099914938
385,62.520500000000006,62.396100000000004,0.20608469437844124
386,61.7529,61.6863,0.48683053743930094
387,60.77839999999999,60.804700000000004,0.8096943120918448
388,39.413399999999996,39.42989999999999,0.9034199198781616
389,24.0685,24.0717,0.9555118433479084
390,72.7372,72.5652,0.38310587473895574
391,40.8774,40.6343,0.4457064531246524
392,72.3515,72.39009999999999,0.7561410103861267
393,83.3994,82.9786,0.015771703619993346
394,39.655,39.6905,0.8870214025148443
395,72.14520000000002,72.1958,0.23102956862621202
396,82.43740000000001,82.34740000000001,0.42006887217185873
397,79.3967,79.4564,0.3879865197432172
398,51.9141,51.86999999999999,0.8325789758762956
399,60.7562,60.6527,0.336895678648064
400,58.806799999999996,59.089800000000004,0.2199311947512023
401,49.509100000000004,49.5613,0.36610869780680955
402,90.3968,90.47290000000001,0.5067553641915024
403,37.3464,37.2624,0.07891092310908482
404,60.960300000000004,60.9285,0.8377181937640776
405,61.652499999999996,61.63629999999999,0.6293085519980186
406,72.6574,72.65180000000001,0.8700122095656019
407,37.2034,37.1943,0.7534169248140855
408,72.63310000000001,72.6683,0.4031267408063385
409,70.5414,70.5537,0.7187321267371094
410,90.14250000000001,90.0756,0.35671506370763406
411,37.432900000000004,37.4014,0.1932425699163126
412,63.599900000000005,63.63720000000001,0.1729511996746091
413,72.3069,72.2836,0.5785345400010842
414,90.24370000000002,90.21900000000001,0.6774801185580878
415,52.11060000000001,52.06790000000001,0.5730673337026796
416,39.6512,39.72780000000001,0.10919096466627705
417,82.02399999999999,82.04460000000002,0.5807071662987161
418,90.88419999999999,91.03280000000001,0.07372494730831872
419,65.3791,65.3588,0.4057508142789966
420,38.78320000000001,38.8652,0.1998324700669999
421,37.43149999999999,37.3133,0.0028408329675122202
422,71.65140000000001,71.53960000000001,0.28597476442716924
423,49.4033,49.456599999999995,0.2731934089582324
424,71.13820000000001,71.15990000000001,0.7789234742907686
425,91.46400000000001,91.3684,0.4228437367669031
426,53.1795,53.0511,0.07942423776437832
427,71.1953,71.3353,0.14583676781255223
428,37.623599999999996,37.5032,0.004268904858812342
429,61.13099999999999,61.13340000000001,0.9308216568041614
430,90.92830000000001,90.82239999999999,0.5281023750713714
431,92.60330000000002,92.68700000000001,0.6513435003671451
432,72.5561,72.5449,0.713586894637757
433,90.7453,90.39880000000002,0.09049725478143246
434,41.593900000000005,41.1597,0.0483322353188482
435,37.4542,37.5448,0.2692939981863131
436,65.0997,65.0834,0.5213731136696097
437,90.64159999999998,90.88550000000001,0.13478897080847352
438,51.102700000000006,51.1965,0.3125475315319061
439,49.375600000000006,49.399100000000004,0.7335185885457434
440,82.8295,82.80930000000001,0.7458721124228904
441,49.327400000000004,49.4263,0.4467340911257156
442,61.23629999999999,61.269499999999994,0.4197100934307799
443,82.89849999999998,82.8309,0.35322164993338945
444,40.2723,40.2293,0.3195274420044643
445,51.019600000000004,51.039300000000004,0.4952975571960747
446,62.1216,62.1573,0.5356516657061625
447,50.6864,50.5047,0.04858722947141892
448,72.8418,72.8619,0.7271008684202134
449,60.774699999999996,60.87539999999999,0.036328375335683484
450,52.7818,52.83059999999999,0.4223361106128136
451,72.76419999999999,72.765,0.9814375265339399
452,61.7719,61.811800000000005,0.21582030727579443
453,49.442899999999995,49.4591,0.754223394739591
454,83.46400000000001,83.3945,0.2234305490552833
455,37.935900000000004,37.9717,0.3003164057289772
456,82.3219,82.36300000000001,0.2133659906083304
457,90.5627,90.74769999999998,0.06912437263688517
458,41.1909,41.274100000000004,0.021526691035469506
459,73.0341,73.0992,0.06559659171575676
460,24.0616,24.041399999999996,0.3742462668570915
461,61.43030000000001,61.4528,0.29270141984964787
462,72.9608,73.08260000000001,0.007276727553545672
463,90.6558,90.60639999999998,0.5926539735455107
464,91.6704,91.66999999999999,0.9952868451422056
465,61.1759,61.267999999999994,0.28173850728987443
466,61.624,61.720600000000005,0.012450432850336776
467,56.4995,56.499900000000004,0.9925567500793839
468,72.6682,72.63,0.46401006210216134
469,24.3326,24.6269,0.008504249781303295
470,60.53920000000001,60.6177,0.21111053272166294
471,72.36550000000001,72.28880000000001,0.11011991448074182
472,71.1414,71.333,0.13043058251881726
473,38.7669,38.747,0.692339693072035
474,51.8129,51.799,0.872231174592121
475,40.714000000000006,40.972699999999996,0.2295599773593774
476,83.3973,83.44200000000001,0.7541213626751151
477,72.7748,72.8296,0.29923889107362944
478,72.98570000000002,72.9399,0.4530439597557565
479,72.50200000000001,72.48780000000002,0.8065986534921209
480,51.3815,51.380100000000006,0.9886023343971924
481,51.054899999999996,51.1188,0.4330898782336563
482,80.8189,80.76500000000001,0.10383913603794653
483,56.4327,56.4846,0.20906738940073066
484,82.56339999999999,82.5683,0.9662283395923355
485,83.17660000000001,83.2974,0.3080403398355275
486,61.31360000000001,61.236599999999996,0.07572656422290926
487,61.9774,62.029599999999995,0.44810301895545246
488,40.321999999999996,40.3146,0.9518004374470868
489,56.65219999999999,56.52579999999999,0.2198063488891092
490,70.63970000000002,70.78299999999999,0.18390031279490152
491,51.028499999999994,51.181599999999996,0.20174869060649653
492,49.3061,49.3142,0.9375633706791475
493,50.71549999999999,50.705499999999994,0.7746244823692194
494,91.6923,91.5969,0.7007295271582982
495,50.3822,50.2489,0.2346180877750374
496,60.9553,60.9511,0.915540697122796
497,24.5113,24.406,0.00037889897349164305
498,38.620400000000004,38.75940000000001,0.008317364497390978
499,72.7405,72.78330000000001,0.20835520886515582
500,40.648700000000005,40.466899999999995,0.15254080252375496
501,82.3068,82.38229999999999,0.2570700106020135
502,52.65840000000001,52.56420000000001,0.2951199870735264
503,39.4651,39.373799999999996,0.46445324047576053
504,82.679,82.7155,0.3804892698662241
505,50.262699999999995,50.1234,0.16101367346598985
506,61.312599999999996,61.27389999999999,0.5417346863411555
507,24.986700000000003,25.049,0.026159017133003153
508,52.244299999999996,52.2343,0.8490789338687296
509,25.219699999999996,25.207,0.5662321981902648
510,72.2954,72.0808,0.015325078202314
511,61.8732,61.881299999999996,0.8950595656250877
512,24.349300000000003,24.2727,0.5383712723219638
513,37.594199999999994,37.1408,3.785235900122282e-05
514,51.0313,50.9018,0.11308477988722652
515,37.044000000000004,37.065599999999996,0.8243955114697193
516,36.078500000000005,36.339800000000004,0.00020856150106562802
517,24.143399999999996,24.308,0.00035477004930231784
518,39.814499999999995,39.9709,0.3741129953656308
519,62.13380000000001,62.17659999999999,0.675771752065259
520,63.071100000000015,62.9755,0.07886503407051139
521,83.43380000000002,83.6491,0.019398145303250472
522,73.4947,73.511,0.7101236680829195
523,62.0486,62.2111,0.0738979978976586
524,73.0951,73.1094,0.4854213679834858
525,61.28399999999999,61.162099999999995,0.02583232757818169
526,61.680899999999994,61.6542,0.7124550733688132
527,40.631899999999995,40.7136,0.3272713208396627
528,51.448,51.43489999999999,0.9361826654764055
529,82.49690000000001,82.56949999999999,0.3350714460197052
530,24.120800000000003,24.212300000000003,0.2619179158340139
531,83.32860000000001,83.3594,0.859142016566943
532,73.58510000000001,73.57560000000001,0.8511461593690484
533,61.7552,61.738600000000005,0.4908528521667366
534,40.92219999999999,40.857600000000005,0.19725672673023537
535,37.296800000000005,37.30039999999999,0.8795875827597419
536,91.56989999999999,91.58330000000001,0.8683116307428351
537,65.7714,65.73289999999999,0.32304013734744585
538,83.894,84.3235,0.010572925266621637
539,52.3193,52.513200000000005,0.01123668055134871
540,66.0425,66.169,0.42340931996205955
541,24.182900000000004,24.277800000000003,0.3534185627692439
542,36.7811,36.9231,0.3229569746164225
543,24.8294,24.729699999999998,0.497179601879566
544,39.93,39.7614,0.03657085763613636
545,38.3093,38.180099999999996,0.03509908037794212
546,72.9754,72.99109999999999,0.8591991444292583
547,37.751,37.791799999999995,0.34674249578283056
548,40.160999999999994,39.981100000000005,0.002427747133597492
549,41.1894,41.2812,0.4402426776298929
550,40.1346,40.1686,0.8072821205890073
551,72.676,72.7114,0.4542737037033798
552,37.451800000000006,37.357800000000005,0.01420290561960942
553,52.6241,52.69649999999999,0.23580292398524733
554,51.330600000000004,51.4101,0.49118267642789826
555,80.0486,79.98679999999999,0.1267802456266032
556,61.24090000000001,61.1879,0.004629098851822198
557,83.0463,83.02029999999999,0.6751216714692652
558,24.4454,24.3929,0.03400357608876315
559,83.24710000000002,83.2372,0.7366781676787763
560,53.144600000000004,53.1442,0.9908508898808415
561,61.7521,61.7109,0.12478640390872969
562,52.3076,52.2568,0.5002236769886468
563,51.041000000000004,51.1907,0.07439378593905684
564,37.270300000000006,37.254599999999996,0.5137497677389349
565,72.1394,72.10470000000001,0.19352473329133693
566,52.443799999999996,52.495400000000004,0.2354250269924851
567,72.24090000000001,72.0855,0.1144867389722019
568,83.4365,83.3279,0.01749833744033145
569,50.95250000000001,51.22280000000001,0.04626292974938639
570,51.62750000000001,51.558299999999996,0.03854132880609458
571,40.22420000000001,40.19950000000001,0.666195697526219
572,72.5528,72.46629999999999,0.02248542827542026
573,37.7084,37.6324,0.008255128888479691
574,82.3118,82.26570000000001,0.3162534060487669
575,51.15390000000001,51.1907,0.7365738104637267
576,72.3823,72.289,0.00015042649587012534
577,36.1328,36.1058,0.24218624216313273
578,72.2544,72.2048,0.3287908476780458
579,50.935399999999994,50.90690000000001,0.3705294634486611
580,51.379099999999994,51.2173,0.16480687645638042
581,61.2995,61.44570000000001,0.014481543728004368
582,83.661,83.85799999999999,0.09962403844744683
583,73.3112,73.5284,0.041545005653393245
584,56.6173,56.719100000000005,0.1624985246781323
585,36.4799,36.8307,0.0008798169492005952
586,39.28490000000001,39.4477,0.0528607287138845
587,62.714800000000004,72.8717,2.989761496139247e-27
588,72.245,72.32549999999999,0.3129488382385627
589,36.936299999999996,36.9506,0.3692055738770713
590,52.3553,52.56519999999999,0.2074512255530886
591,40.0856,39.9516,0.34103856866006144
592,37.3706,37.3192,0.29686105666380014
593,72.4282,72.423,0.7759208490345435
594,83.6643,83.6973,0.5849893394518626
595,37.448,37.543099999999995,0.0777681817477842
596,37.3257,37.319900000000004,0.8339705268185547
597,72.458,72.47189999999998,0.7660384776520187
598,37.1439,37.2607,0.00341187558240466
599,40.505700000000004,40.6954,0.004785821628325085
600,70.14130000000002,70.124,0.5706745062838682
601,82.96440000000001,83.0037,0.6280369670116471
602,72.34630000000001,72.3047,0.5027892854842945
603,83.1707,83.48859999999999,0.009000853317205001
604,62.9255,62.6332,0.19530336150432132
605,83.61000000000001,83.70830000000001,0.5261667142718498
606,92.02350000000001,92.41369999999999,0.13113510095310477
607,51.659000000000006,51.6881,0.5742721470472545
608,73.5581,73.5353,0.7007906989130692
609,70.62950000000001,70.69619999999999,0.5114437305267843
610,62.643899999999995,62.925599999999996,0.0385292154726399
611,41.149499999999996,41.119600000000005,0.9123039392622428
612,62.2264,61.7995,0.009573073522178208
613,62.33240000000001,61.665200000000006,0.033985115350124405
614,37.58059999999999,37.2964,0.07388263038112915
615,53.5081,53.0218,0.026107105820012966
616,52.80980000000001,52.6207,0.37599986359168014
617,50.7641,50.7427,0.3280996228787476
618,72.96950000000001,72.95349999999999,0.7285148238737884
619,42.0242,41.6314,0.02857447916625042
620,50.9055,51.0036,0.04305946166342719
621,92.9318,92.6194,0.2077051528032607
622,61.354,61.34960000000001,0.9069778407418455
623,72.46490000000001,72.4032,0.07820833679294707
624,41.4695,41.65400000000001,0.029950093511297
625,36.8597,36.8415,0.26784978368185675
626,62.2606,62.268100000000004,0.8294369457330792
627,72.6129,72.4657,0.09058325430827693
628,51.552600000000005,51.536300000000004,0.8444326737879891
629,69.9824,69.9593,0.3871493381534957
630,72.3423,72.2393,0.05937325070086399
631,72.52919999999999,72.33070000000001,0.0029279891113760306
632,50.0519,49.9689,0.4561934145765033
633,70.72369999999998,70.4837,0.0714242631019789
634,70.554,70.41839999999999,0.22891232156708535
635,24.4738,24.264100000000003,0.00996338364280871
636,49.66519999999999,49.567899999999995,0.47528467494748505
637,51.093399999999995,50.984100000000005,0.21001259546873577
638,56.735,56.673399999999994,0.6731948601048137
639,39.1062,39.036500000000004,0.6550056775991222
640,91.04150000000001,90.715,0.11867034962065649
641,51.975199999999994,51.8995,0.5008547089989788
642,57.0021,56.9797,0.9169945988824727
643,37.41909999999999,37.4782,0.20803962984012644
644,71.1878,71.4417,0.005944907109983478
645,24.6237,24.4895,0.23606839806667532
646,79.6517,79.8917,0.003716622517883583
647,51.365300000000005,51.69500000000001,0.03375738836489668
648,39.383700000000005,39.438900000000004,0.5224004065499339
649,51.372299999999996,51.296899999999994,0.5280861924543825
650,37.188100000000006,37.2748,0.03055409529873154
651,37.226800000000004,37.22430000000001,0.9465229709626382
652,62.598699999999994,62.5604,0.46533482640496593
653,51.24159999999999,51.3088,0.5206667467370292
654,90.0984,90.08559999999999,0.8616166826749758
655,37.429899999999996,37.4251,0.882314617204977
656,92.9721,93.0756,0.667112876093196
657,61.4697,61.538599999999995,0.17342803531426082
658,60.6105,60.511300000000006,0.05962298791867958
659,61.0985,61.095299999999995,0.9020511057777827
660,37.567,37.5527,0.6601031583194732
661,39.86990000000001,39.8889,0.7551782456225431
662,72.04379999999999,72.01520000000001,0.14600206397359305
663,72.5543,72.46549999999999,0.03546897654013283
664,24.1493,24.1366,0.8242700710946922
665,37.2789,37.2312,0.07105072532548537
666,40.533699999999996,40.5783,0.861492444281156
667,50.800399999999996,50.7979,0.9074399063421139
668,91.7834,91.5412,0.16553231170425228
669,52.100199999999994,51.908899999999996,0.2680957884988147
670,72.4272,72.46989999999998,0.3681802145281382
671,73.0735,73.1405,0.4111102069832506
672,65.32149999999999,65.36859999999999,0.5304843661560635
673,52.8593,52.8129,0.3924013828701125
674,40.861799999999995,41.20370000000001,0.09034886040536641
675,24.2301,24.1144,0.01358486814404268
676,37.880399999999995,37.8508,0.5493542985039577
677,52.508799999999994,52.5326,0.8086895520930418
678,54.023799999999994,53.76519999999999,0.131606811769238
679,40.0588,39.93000000000001,0.22054073644139482
680,51.266600000000004,51.116200000000006,0.20825843576902733
681,51.63439999999999,51.896800000000006,0.10492695073088414
682,72.4211,72.53439999999999,0.02397151480135812
683,37.3848,37.432900000000004,0.20449454866354444
684,72.6824,72.7064,0.6436677776276039
685,83.17630000000001,82.9732,0.011753097748750607
686,24.5665,24.6148,0.39732494692639186
687,61.19090000000001,61.160799999999995,0.514786013318703
688,36.938300000000005,36.9863,0.41966346788493003
689,91.3712,91.09949999999999,0.14322573621280246
690,65.0699,65.0197,0.05772140906533094
691,70.52059999999999,70.58770000000001,0.5307609984947669
692,90.91720000000001,90.6652,0.12498049156269164
693,38.7916,38.7842,0.9326148232753919
694,90.2159,90.2841,0.5850525262244113
695,82.87609999999998,82.9731,0.32094509110819247
696,83.5919,83.73929999999999,0.12581629455035562
697,58.56829999999999,58.65430000000001,0.46043274908773835
698,72.53369999999998,72.59280000000001,0.27542714815210584
699,72.7423,72.68589999999999,0.35636143916699714
700,53.06529999999999,53.104200000000006,0.6113924653372912
701,52.141200000000005,52.2144,0.38461012068260414
702,60.70060000000001,60.6682,0.6123743016046338
703,52.205999999999996,52.2617,0.6942075086778046
704,53.3197,53.6149,0.30531447588304766
705,56.9067,56.767700000000005,0.2379327185156773
706,83.2644,83.3409,0.6455090979000888
707,37.338,37.4551,0.2612849890309712
708,62.24399999999999,62.09589999999999,0.0008964943131041459
709,72.7521,72.6658,0.20905975156222542
710,41.4548,41.3779,0.6391277333813398
711,39.66890000000001,39.613,0.5719486861335569
712,37.080799999999996,37.20029999999999,0.12705553204005482
713,91.1841,91.1663,0.9288659046667536
714,39.5904,39.7298,0.053818928604499196
715,72.47370000000001,72.4228,0.03264086885410931
716,51.126400000000004,51.4653,0.14809822725606134
717,36.9096,36.9591,0.17226557751749538
718,51.390499999999996,51.153800000000004,0.23359788639700318
719,24.125899999999998,24.194300000000002,0.024404915053812377
720,65.1833,65.22280000000002,0.32028556273968545
721,60.6982,60.7749,0.3831582146453242
722,61.0955,61.0976,0.9545196021074611
723,52.5029,52.549899999999994,0.4565294052432396
724,70.44829999999999,70.54849999999999,0.3111373659419312
725,73.18289999999999,73.0841,0.15237691723130795
726,50.8964,50.8829,0.7055104455313921
727,61.232000000000006,61.25789999999999,0.48460786957674984
728,61.45930000000002,61.492399999999996,0.6970347357886262
729,82.3826,82.3291,0.1764029559862775
730,38.7846,38.893600000000006,0.07330883847315879
731,24.8969,24.7698,0.1358836197538166
732,72.8368,72.8296,0.9175399600377289
733,72.74010000000001,72.8245,0.19073775442929725
734,40.1395,40.1252,0.7087521819944009
735,72.3553,72.3732,0.5758334700332755
736,83.1512,83.1589,0.8850717402685946
737,50.55870000000001,50.571600000000004,0.8295637645352405
738,72.2859,72.2602,0.5470866440817607
739,51.17,51.152699999999996,0.8509870777381483
740,36.9605,36.9183,0.23144098998694534
741,37.2111,37.170700000000004,0.4504945622765436
742,72.4886,72.4402,0.6286036639429963
743,61.22240000000001,61.194100000000006,0.8143723075234659
744,50.9981,51.0125,0.6626460736116268
745,40.1486,40.1782,0.8220572888652677
746,52.7673,52.632699999999986,0.22358022608236866
747,40.52660000000001,40.498599999999996,0.778487221169633
748,72.3545,72.29419999999999,0.05185392402712817
749,62.018499999999996,61.942099999999996,0.3098038321223131
750,40.22449999999999,40.1512,0.38835837696361264
751,61.8163,61.797900000000006,0.8269640386967768
752,62.7854,62.891600000000004,0.4212960111713926
753,52.8448,53.243100000000005,0.06035132219731432
754,61.0356,61.0399,0.9083820708652399
755,51.439,51.3457,0.6953564997732544
756,49.5413,49.513200000000005,0.8966233266652384
757,51.9729,52.0058,0.8605414633958441
758,72.6516,72.55220000000001,0.2327702428940111
759,24.7768,24.8139,0.5778503703843849
760,62.0142,61.955999999999996,0.38777818440913414
761,82.7484,82.8109,0.21774970077675618
762,60.9809,60.94100000000001,0.737525499178208
763,51.3115,51.2641,0.2891701246642344
764,73.72979999999998,73.8486,0.08677065541418039
765,36.9193,36.929899999999996,0.568902853997203
766,50.9802,50.9733,0.9110627141220735
767,73.60839999999999,73.5719,0.5841788611876086
768,25.549200000000003,25.691699999999997,0.046044148591593566
769,91.11800000000001,91.1262,0.9377950679005551
770,72.79310000000001,72.7337,0.30798640544573497
771,37.6066,37.6663,0.5389359413194579
772,40.198,40.272200000000005,0.36673460180489204
773,39.2996,39.3922,0.36574091793747576
774,90.91,90.8797,0.7695033817569652
775,82.5125,82.542,0.6100741059645304
776,61.2384,61.2629,0.5203022665522803
777,70.52590000000001,70.40060000000001,0.3101175556395246
778,66.34270000000001,66.2293,0.1011631248785191
779,57.9483,57.97950000000001,0.6277253834954463
780,53.04730000000001,52.8514,0.3230297919861148
781,41.016,41.2576,0.05743098755635983
782,38.435,38.4455,0.9224516198899825
783,37.7282,37.6353,0.432097763865398
784,60.9793,60.94539999999999,0.8534743511964705
785,37.7321,37.86000000000001,0.15891029037161
786,62.172000000000004,62.0449,0.1706618035821156
787,23.950300000000002,24.029799999999998,0.3491326855413457
788,83.4772,83.27529999999999,0.20830296290130648
789,72.6134,72.56730000000002,0.5991996952658014
790,50.85799999999999,50.8151,0.11244608632198173
791,72.1066,72.0803,0.4340997748435833
792,39.867200000000004,39.8115,0.5657110301693322
793,61.83240000000001,61.7195,0.09973856939194672
794,49.7601,49.670500000000004,0.546566636426947
795,39.428999999999995,39.4209,0.8499129850313046
796,62.229000000000006,62.17959999999999,0.16666557790824602
797,82.7889,82.7686,0.799006665589687
798,73.2708,72.7825,0.002946311583478707
799,40.9353,41.1997,0.15434542483461655
800,72.20719999999999,72.27990000000001,0.20618143050333446
801,63.014799999999994,62.94699999999999,0.23315771166511418
802,40.3155,40.172399999999996,0.22962043021986567
803,72.4654,72.3775,0.062156903097233075
804,38.828900000000004,38.836,0.9240214140503944
805,25.0507,25.036099999999998,0.9062812572459067
806,56.575300000000006,56.431200000000004,0.43420734478072565
807,71.12049999999999,71.0948,0.6563864302654943
808,71.06599999999999,70.8114,0.057439764525520784
809,23.9529,23.910800000000002,0.3210860748329147
810,50.84190000000001,50.9209,0.5994413464698476
811,83.57230000000001,83.67760000000001,0.7068590027211348
812,24.3397,24.374000000000002,0.8778421604764697
813,61.91360000000001,61.96220000000001,0.7807720474098131
814,25.084300000000002,25.1231,0.5496766894846763
815,38.02869999999999,38.05159999999999,0.7326626102609908
816,73.5266,73.5711,0.5828710163247612
817,71.568,71.2926,0.0012887222108467521
818,72.52430000000001,72.4231,0.2659924059401833
819,91.60159999999999,91.6224,0.7676731109687273
820,91.8926,92.00890000000001,0.6264219260162198
821,90.4005,90.22529999999999,0.19698649169938348
822,50.870999999999995,50.991200000000006,0.17980300466988025
823,91.80420000000001,91.58840000000001,0.21674034531129244
824,61.2444,61.403800000000004,0.2806793821039304
825,90.8725,90.7966,0.5994673422766487
826,61.125,61.161699999999996,0.10469033325816536
827,51.107,50.8733,0.21606153459232577
828,37.107299999999995,37.0224,0.2184293095396855
829,72.6206,72.5858,0.7952587220251239
830,62.024300000000004,61.91709999999999,0.66611574772613
831,40.0187,40.0287,0.9500873739570912
832,24.4476,24.3732,0.500485100116544
833,24.5386,24.532999999999998,0.9686355259717592
834,24.0583,24.0589,0.9946872381876584
835,61.6842,61.539199999999994,0.4747813518041819
836,52.153099999999995,52.3344,0.4122163742729902
837,90.64240000000001,90.5432,0.6547989985864346
838,24.2684,24.332800000000002,0.563663592281802
839,62.6543,62.46849999999999,0.154462112526065
840,92.1289,91.9819,0.49282121268416546
841,39.685,40.0786,0.10902291957145462
842,24.5052,24.525,0.8111988078269384
843,51.810500000000005,52.052,0.18053489519684546
844,61.200199999999995,61.12479999999999,0.5783491441766304
845,51.6235,51.38929999999999,0.030170347778774705
846,52.3,52.2374,0.723207825117189
847,51.0599,51.059000000000005,0.9887976762377451
848,72.5882,72.5633,0.6844738581225263
849,61.4021,61.534299999999995,0.10507284269301684
850,61.6275,61.7371,0.2774985524451065
851,24.718600000000002,24.657599999999995,0.3900586561783892
852,72.9956,72.9992,0.9623778744700267
853,24.4938,24.6063,0.14243991190004152
854,37.9168,37.9356,0.8187812545673827
855,37.6452,37.568799999999996,0.28266799336158666
856,36.987,36.92229999999999,0.36667088217953636
857,50.893,50.9251,0.5441666510626912
858,62.0308,61.982299999999995,0.48266449048480176
859,37.48870000000001,37.4126,0.23029793133706258
860,60.44989999999999,60.462599999999995,0.8344132083412052
861,60.5908,60.74829999999999,0.3283013856125636
862,53.867,54.009,0.38465046731291686
863,62.60790000000001,62.4913,0.3009317172581891
864,51.4028,51.0961,0.0786748594398796
865,71.0834,70.9843,0.4855272841160251
866,41.3916,41.606199999999994,0.36049528779221507
867,56.91610000000001,56.8457,0.6467082497645292
868,83.0182,82.947,0.5947488875358222
869,91.95570000000001,92.00909999999999,0.821930199205677
870,73.5413,73.5626,0.8888861307843677
871,39.3876,39.2519,0.49919465573832034
872,82.7822,82.8012,0.80032729486193
873,72.654,72.5772,0.23144033435759098
874,40.3972,40.26270000000001,0.30707644589982797
875,50.8674,50.9078,0.7352185097920085
876,91.2282,91.3144,0.29065441672210035
877,72.6294,72.55080000000001,0.12308107327405128
878,73.15879999999999,73.2129,0.5097261683763918
879,60.570299999999996,60.6219,0.45191176389741816
880,50.15100000000001,50.0236,0.2034592264701799
881,72.7092,72.6523,0.14945839055373963
882,62.22279999999999,62.33630000000001,0.006609370334908126
883,82.42850000000001,82.38300000000001,0.18246828019456465
884,39.575599999999994,39.649100000000004,0.30098178971924244
885,72.07840000000002,72.1144,0.38536906094226786
886,51.5397,51.56419999999999,0.36563743727243647
887,39.71849999999999,39.8019,0.3196558851790244
888,60.96840000000001,60.948699999999995,0.44447445376446326
889,62.17659999999999,62.083600000000004,0.09537880021630664
890,62.0658,62.06200000000001,0.915002527246053
891,50.3054,50.345400000000005,0.7288884282241482
892,23.878999999999998,23.8906,0.5841006080702279
893,40.8241,40.52759999999999,0.06084982602985066
894,50.6847,50.686400000000006,0.9345429498206347
895,83.6463,83.25999999999999,0.027816892561661262
896,57.59800000000001,57.4168,0.21630584561847255
897,56.786699999999996,56.8957,0.5266177720808471
898,70.58949999999999,70.5438,0.7526812161498386
899,51.053000000000004,51.0438,0.8871194055255881
900,24.2865,24.3015,0.8368404085506793
901,36.377500000000005,36.3448,0.760302688532888
902,73.03200000000001,73.10050000000001,0.12392492999772589
903,50.6492,50.7436,0.42848089542196544
904,72.8799,72.85500000000002,0.7210826819203382
905,40.86900000000001,40.96300000000001,0.5709177261194014
906,65.1251,65.19210000000001,0.2714071975959763
907,37.845000000000006,37.8388,0.9087542806592823
908,70.9008,70.8426,0.8130879452567651
909,61.149699999999996,61.2221,0.47945439259370826
910,50.902,50.8065,0.6219231398785724
911,24.839499999999997,24.8275,0.9147563503290258
912,51.312599999999996,51.3024,0.9531114388827027
913,39.9915,39.721799999999995,0.1381884607908295
914,72.50739999999999,72.62830000000001,0.1113153669149296
915,72.52780000000001,72.6283,0.018346847909750295
916,62.00170000000001,62.00019999999999,0.93523302290023
917,37.33989999999999,37.3653,0.5549496403548675
918,72.53279999999998,72.5842,0.27438758784629436
919,83.32840000000002,83.38090000000001,0.1974781240370657
920,42.1428,41.5775,0.040394763860664804
921,61.1178,61.048199999999994,0.04898867445603954
922,38.242399999999996,38.27310000000001,0.6693488712065236
923,72.4699,72.4396,0.7373879324141137
924,39.6262,40.0915,0.030748733229068546
925,38.927499999999995,38.9881,0.6778003491571125
926,24.257800000000003,24.5028,0.09090028567053567
927,39.7139,40.084500000000006,0.0716265136306173
928,37.236599999999996,37.103,0.18246839095544592
929,36.5466,36.4114,0.3147296184862132
930,51.907300000000006,51.8951,0.9385016776083789
931,39.026300000000006,38.880799999999994,0.12942489185756462
932,37.416700000000006,37.3284,0.3966813822313807
933,39.3303,39.4377,0.47310479404482564
934,72.3067,72.56530000000001,0.0003923842730948339
935,52.00750000000001,51.84930000000001,0.5656365049118424
936,50.975300000000004,50.883,0.02242451385878091
937,39.2258,39.5015,0.09478747880531052
938,71.17510000000001,71.30250000000001,0.2396505575473899
939,61.4203,61.2947,0.02704903199485935
940,72.7081,72.75580000000001,0.35954698718073186
941,90.6017,90.9076,0.11682385862996128
942,37.13770000000001,37.1627,0.5565102170325769
943,72.52770000000001,72.4121,0.0035973105816525116
944,24.0657,24.0345,0.17657813135257555
945,52.2155,52.35429999999999,0.060064520027056194
946,39.7761,39.92659999999999,0.06247822456827978
947,51.63000000000001,51.7308,0.3450518221359631
948,39.830400000000004,39.8943,0.6423987976137293
949,73.06320000000001,72.9879,0.6581507123396249
950,37.8409,38.0912,0.03469211153452084
951,57.0937,57.0481,0.720601151514328
952,39.9116,39.839000000000006,0.4894497205735787
953,39.508799999999994,39.6126,0.47905936569170926
954,72.7929,72.7553,0.6312808796743339
955,92.34329999999999,92.13069999999999,0.43123362452973624
956,66.3603,66.301,0.38891693354776113
957,24.3653,24.7868,0.013968218005250582
958,72.2862,72.57579999999999,0.061231246444864836
959,24.1142,24.1872,0.40333759525101853
960,91.68079999999999,91.66579999999999,0.9377418549894063
961,65.2111,65.2163,0.9566797227702865
962,51.7889,51.8732,0.6182984253693923
963,54.145500000000006,54.1198,0.9344536858718734
964,53.445100000000004,53.1814,0.21504549235099288
965,51.66429999999999,51.5117,0.41734542598162516
966,52.9474,52.9316,0.895318461306504
967,61.45150000000001,61.4011,0.1668943359689592
968,40.4473,40.39130000000001,0.7368955957885266
969,71.0399,70.85419999999999,0.10697859840735811
970,53.3852,53.3193,0.44445879472916583
971,61.88620000000001,61.79729999999999,0.09055989946776415
972,50.4221,50.4428,0.6602296961717549
973,83.102,83.1896,0.30012826714437596
974,37.2691,37.202099999999994,0.3708492735849095
975,72.716,72.7351,0.6302293264426062
976,60.541599999999995,60.5856,0.40853845951956747
977,56.6928,56.824400000000004,0.23046462168472973
978,61.5212,61.499700000000004,0.6920989898293666
979,82.47650000000002,82.51989999999999,0.4824784211627213
980,90.37219999999999,90.35069999999999,0.8473883400872122
981,72.6359,72.6316,0.9470619752526133
982,91.4408,91.3958,0.653165740053831
983,50.74980000000001,50.86,0.10117681960118795
984,62.5586,62.6041,0.47929652803862866
985,39.50090000000001,39.3042,0.04775421758053907
986,50.9044,50.861999999999995,0.28123780404233584
987,72.4006,72.4358,0.8144995056666479
988,79.76440000000001,79.7775,0.9376689022983395
989,52.50260000000001,52.21840000000001,0.3928297538597365
990,62.6062,62.601,0.9733181411793457
991,61.7143,61.654500000000006,0.5880864118810873
992,60.82430000000001,60.87760000000001,0.6758954346429089
993,39.349399999999996,39.2959,0.6063706654096095
994,24.0702,24.075799999999997,0.8908910099133299
995,72.64109999999998,72.6368,0.9749785357362439
996,40.922900000000006,40.695100000000004,0.3536369325214309
997,72.51440000000001,72.519,0.9702304189124258
998,83.29310000000001,83.38020000000002,0.6009563486857108
999,39.920300000000005,39.628699999999995,0.32364468614387
1000,72.19660000000002,72.18390000000001,0.8281953467115837
1001,82.34299999999999,82.45160000000001,0.22666959558269983
1002,79.42479999999998,79.5602,0.14996065358593919
1003,51.98960000000001,52.0178,0.8726049757189658
1004,60.64989999999999,60.778200000000005,0.24759560042617557
1005,58.64450000000001,58.542100000000005,0.5963215712580229
1006,49.3968,49.5386,0.3085249100932128
1007,90.26199999999999,90.3261,0.6257964653401583
1008,37.3089,37.260000000000005,0.2319402785834915
1009,60.8207,60.7078,0.456720465879469
1010,61.624,61.6989,0.1248948372348996
1011,72.6118,72.56530000000001,0.26266797812273374
1012,37.2114,37.1052,0.0025161591773581325
1013,72.6593,72.6273,0.3884469874241133
1014,70.50229999999999,70.56660000000001,0.26910194367789547
1015,90.1154,90.1808,0.29771253509846307
1016,37.4596,37.3864,0.01414978549561498
1017,63.6281,63.558200000000014,0.17259213099625828
1018,72.28630000000001,72.36449999999999,0.10661524506658007
1019,90.2237,90.203,0.6222249830065238
1020,52.078700000000005,52.02040000000001,0.39343241342392776
1021,39.7592,39.7522,0.8759198400440982
1022,82.01309999999998,82.0412,0.3890639283326536
1023,90.84810000000002,90.9663,0.2736616355138613
1024,65.3546,65.342,0.6624263940748888
1025,38.8664,38.78670000000001,0.4041716698333454
1026,37.373200000000004,37.3564,0.5001836972722153
1027,71.5367,71.54220000000001,0.9576065782537799
1028,49.3597,49.4148,0.16499976979748052
1029,71.1799,71.1414,0.3972915283116051
1030,91.5281,91.2769,0.02382599301889627
1031,53.127599999999994,53.1708,0.5555409896430272
1032,71.06939999999999,71.2209,0.24971566367305392
1033,37.50950000000001,37.4764,0.41170182190746063
1034,61.15749999999999,61.1419,0.6478501678464078
1035,91.03020000000001,90.96199999999999,0.7043262843127098
1036,92.6535,92.46950000000001,0.2993491831814192
1037,72.5833,72.55579999999999,0.4059552941652841
1038,90.6764,90.6424,0.796526513836792
1039,41.552800000000005,41.6015,0.8127270625161543
1040,37.5712,37.443799999999996,0.024897291336029474
1041,65.1141,65.07360000000001,0.2681040644864796
1042,90.536,90.62199999999999,0.5354135270640082
1043,51.0367,51.23479999999999,0.15150285462959295
1044,49.3485,49.4415,0.36141989091933846
1045,82.86619999999999,82.7744,0.3421083244479107
1046,49.3862,49.454299999999996,0.5388593417205156
1047,61.226200000000006,61.26700000000001,0.46103796985548584
1048,82.83619999999999,82.8433,0.9362525281439478
1049,40.328199999999995,40.265,0.36321746750939443
1050,51.022200000000005,50.9961,0.13973346813339751
1051,62.1739,62.071600000000004,0.1339339036248543
1052,50.5405,50.6928,0.0694700296524768
1053,72.8803,72.85130000000001,0.5243162920359045
1054,60.813300000000005,60.8412,0.5862048286232859
1055,52.808499999999995,52.756600000000006,0.23040086389691608
1056,72.81270000000002,72.7688,0.07469543965909087
1057,61.7909,61.783100000000005,0.7917722536884582
1058,49.412099999999995,49.451699999999995,0.42566204404645347
1059,83.4006,83.4932,0.027684082767252993
1060,37.956999999999994,37.942099999999996,0.6193794358610274
1061,82.35069999999999,82.35000000000001,0.9839327370384812
1062,90.6342,90.5875,0.6617347814684131
1063,41.172799999999995,41.2208,0.49399961290830374
1064,73.0507,73.05249999999998,0.9498536784114097
1065,24.0332,24.018800000000002,0.40386151928727965
1066,61.416500000000006,61.431000000000004,0.5798902020693426
1067,73.0452,73.0784,0.3171272769635196
1068,90.66960000000002,90.58829999999999,0.4479957231377897
1069,91.5738,91.53979999999999,0.7245964260878482
1070,61.31170000000001,61.17600000000001,0.18147625220479013
1071,61.6529,61.6913,0.3415394831771734
1072,56.4015,56.49680000000001,0.0658354743266128
1073,72.6308,72.5926,0.45476030679863766
1074,24.355300000000003,24.5046,0.10334051844244026
1075,60.57440000000001,60.65659999999999,0.23212176048554706
1076,72.29980000000002,72.3568,0.29164265624728686
1077,71.21209999999999,71.3184,0.3313730519950062
1078,38.828700000000005,38.8084,0.8153111357951973
1079,51.8245,51.73639999999999,0.3192762284556536
1080,40.6265,40.6078,0.9258185256135345
1081,83.54,83.53,0.9512034837637702
1082,72.83830000000002,72.889,0.5031012903532623
1083,72.9582,72.9469,0.866672713264085
1084,72.5076,72.62249999999999,0.08132339697030846
1085,51.615100000000005,51.395799999999994,0.1638417884352708
1086,50.944500000000005,51.105399999999996,0.08000024558326008
1087,80.75210000000001,80.75699999999999,0.8718663861241394
1088,56.473800000000004,56.5441,0.3014983507637887
1089,82.50179999999999,82.5645,0.5573037771252571
1090,83.27469999999998,83.2784,0.9852514007109439
1091,61.24860000000001,61.27819999999999,0.537202172529602
1092,61.984899999999996,61.895,0.31062876062653966
1093,40.3815,40.2513,0.1691254903574811
1094,56.58810000000001,56.4606,0.28979398501791176
1095,70.6892,70.69239999999999,0.9779986223677528
1096,51.064,51.0165,0.5492600223399108
1097,49.318200000000004,49.2613,0.5649456996229093
1098,50.7272,50.662000000000006,0.012589125444967333
1099,91.6753,91.5207,0.5241867942700384
1100,50.3387,50.3585,0.8303858483483124
1101,60.9646,60.9773,0.7508903623359099
1102,24.5252,24.4204,0.005271655276017828
1103,38.65560000000001,38.6266,0.5372916475465788
1104,72.75300000000001,72.7311,0.5809263106385094
1105,40.5386,40.4945,0.5078213382661535
1106,82.32630000000002,82.3442,0.8618403271209089
1107,52.6572,52.6496,0.9143707221345378
1108,39.438900000000004,39.423899999999996,0.9002951815053336
1109,82.7326,82.67159999999998,0.3461805862974484
1110,50.1432,50.084199999999996,0.5041037674800648
1111,61.249199999999995,61.2808,0.6136491177686825
1112,25.0335,25.0234,0.6855222664538216
1113,52.246900000000004,52.28060000000001,0.26210281088620235
1114,25.263399999999997,25.2021,0.06388305801639019
1115,72.21390000000001,72.13489999999999,0.36674767325996716
1116,61.868700000000004,61.869499999999995,0.9890997774917415
1117,24.3427,24.315799999999996,0.8395685780505702
1118,37.3682,37.4446,0.5114898916948095
1119,50.959799999999994,50.8959,0.20165125526179414
1120,36.95190000000001,36.9157,0.5667997828935858
1121,36.2047,36.22280000000001,0.691733508647566
1122,24.2284,24.2031,0.6153316402966971
1123,39.646300000000004,39.8738,0.2766561242541178
1124,62.24930000000002,62.1866,0.27901835777975
1125,62.9963,63.004999999999995,0.8763171221401721
1126,83.536,83.65350000000001,0.29481344084921984
1127,73.5308,73.5024,0.513353329623067
1128,62.192600000000006,62.207899999999995,0.8285211253864488
1129,73.12729999999999,73.0977,0.2529732619667841
1130,61.276700000000005,61.2118,0.1941626362564423
1131,61.6284,61.575700000000005,0.46367322003227973
1132,40.7887,40.7479,0.6817109930142462
1133,51.35,51.5418,0.24920163772446302
1134,82.60400000000001,82.6061,0.9859735563544416
1135,24.2862,24.200599999999998,0.37812681193443876
1136,83.26879999999998,83.4682,0.18420377461950874
1137,73.5769,73.5822,0.9115126168528855
1138,61.7658,61.7417,0.4439447282891593
1139,40.9542,40.86580000000001,0.22251765596810924
1140,37.288199999999996,37.303700000000006,0.6035070083284142
1141,91.61819999999999,91.6015,0.8883740861601839
1142,65.7863,65.7849,0.9598466585248251
1143,83.98100000000001,84.10350000000001,0.20830863744135059
1144,52.3366,52.539699999999996,0.0017837859406387663
1145,66.3404,66.3207,0.8337297815912944
1146,24.1365,24.2218,0.3337391326453911
1147,36.7825,36.6492,0.46922834796439306
1148,24.6648,24.4986,0.22868630510167798
1149,39.8221,39.7141,0.2383749673864113
1150,38.2867,38.1721,0.0360224041396954
1151,73.01199999999999,73.14070000000001,0.1695911252068718
1152,37.7898,37.849599999999995,0.19281335530398197
1153,40.13120000000001,39.9987,0.040066842213510846
1154,41.284400000000005,41.3476,0.5627413116482356
1155,40.1834,40.1585,0.7943696144906638
1156,72.68119999999999,72.6973,0.7369637867880499
1157,37.3929,37.3515,0.2932758980342098
1158,52.6765,52.7616,0.09624108112983004
1159,51.2845,51.353100000000005,0.48931280583118153
1160,80.0078,79.9635,0.13579556159858458
1161,61.1939,61.1846,0.6106643109312714
1162,82.9936,82.9647,0.7462290614642937
1163,24.3995,24.3992,0.9939378410054382
1164,83.2304,83.2512,0.40486544390347023
1165,53.1678,53.117300000000014,0.10426748135114232
1166,61.71990000000001,61.7032,0.5327600368200722
1167,52.38250000000001,52.41179999999999,0.6236460379581497
1168,51.0555,51.149300000000004,0.2951972863459937
1169,37.2662,37.2487,0.6660713275980461
1170,72.133,72.09740000000001,0.253434646492535
1171,52.474000000000004,52.508,0.5379230283590621
1172,72.15440000000002,72.0418,0.015108247963925351
1173,83.4058,83.31649999999999,0.14738413188100183
1174,50.94279999999999,51.36279999999999,0.004386276070355897
1175,51.6765,51.6034,0.03929927145071042
1176,40.147,40.1362,0.8176815670865352
1177,72.4461,72.4096,0.3283335402226226
1178,37.64790000000001,37.6602,0.7048120526315647
1179,82.31480000000002,82.29589999999999,0.7250830516579918
1180,50.94720000000001,51.208600000000004,0.007056665242619168
1181,72.32570000000001,72.40899999999999,0.2608248398636072
1182,36.141,36.1338,0.7216874623611089
1183,72.2191,72.22560000000001,0.9004423448476455
1184,50.9677,50.937799999999996,0.4612099191297878
1185,51.125299999999996,51.2216,0.3334890470983979
1186,61.3876,61.443200000000004,0.40652610373887577
1187,83.9431,83.9319,0.9343203143403984
1188,73.5295,73.5857,0.556659005879843
1189,56.780100000000004,56.7273,0.5290747765502549
1190,36.61319999999999,36.7011,0.23116616207837432
1191,39.3559,39.488800000000005,0.10493837956123271
1192,62.7965,72.94420000000001,1.5257879407103157e-28
1193,72.2308,72.2859,0.3355089420638654
1194,36.927800000000005,36.9482,0.191634249772358
1195,52.2851,52.6915,0.015767142637110813
1196,40.3885,40.2824,0.5630718576598308
1197,37.3258,37.3289,0.9349478822100091
1198,72.4156,72.3631,0.035482371697728415
1199,83.60170000000001,83.73599999999999,0.1606281406397321
1200,37.48350000000001,37.4773,0.9033963319676961
1201,37.2883,37.25410000000001,0.29576421429786964
1202,72.39360000000002,72.37930000000001,0.7064241242253413
1203,37.156400000000005,37.17660000000001,0.6544727878785719
1204,40.4338,40.513000000000005,0.5246503813926325
1205,70.1032,70.08489999999999,0.6782757480100516
1206,82.7918,82.9172,0.1362648618329295
1207,72.40670000000001,72.3974,0.8911050777892441
1208,82.9881,83.134,0.47497307439816117
1209,62.5764,62.896100000000004,0.2297972239933294
1210,83.4544,83.452,0.954564913734014
1211,41.7025,41.821400000000004,0.2831194789007266
1212,51.91700000000001,51.8369,0.12096719746838122
1213,52.2649,52.367200000000004,0.2959337242468644
1214,52.9301,53.1109,0.10687478918912828
1215,71.9706,71.9713,0.9937265395083588
1216,51.286199999999994,51.2736,0.9321837684297358
1217,91.3709,91.11140000000002,0.13433197101045874
1218,73.34989999999999,73.34760000000001,0.9712323508279731
1219,37.8145,37.749300000000005,0.412909632194673
1220,51.1162,51.194100000000006,0.4901482955576584
1221,51.7719,51.846199999999996,0.6036788400064637
1222,52.584,52.585699999999996,0.9777065623947041
1223,72.8474,72.7804,0.05439330906323349
1224,39.714000000000006,39.6214,0.02452976293315269
1225,39.900099999999995,40.0332,0.1193101806242631
1226,72.47380000000001,72.5446,0.15450284661745026
1227,37.798199999999994,37.738200000000006,0.31975011311437973
1228,51.324499999999986,51.1891,0.25244289952560944
1229,65.106,65.16879999999999,0.3070301865218867
1230,66.09830000000001,66.18120000000002,0.1360577467669472
1231,51.4939,51.359500000000004,0.3986586668098995
1232,39.9277,39.9763,0.47375066979767244
1233,72.6422,72.5291,0.11546696312184675
1234,37.2516,37.2697,0.8761701666333408
1235,39.76350000000001,39.6886,0.5717575039715115
1236,83.94539999999999,83.9365,0.9478171174747267
1237,50.7731,50.760000000000005,0.5239857053731998
1238,69.8367,69.7816,0.10979291792110223
1239,52.5543,52.4905,0.6949157194579083
1240,65.2757,65.22909999999999,0.5918114823572294
1241,51.4695,51.38440000000001,0.3873995175090307
1242,40.542899999999996,40.699799999999996,0.43841398313562185
1243,70.8552,70.7988,0.47045378212588607
1244,40.606,40.5472,0.6585734480601809
1245,61.0986,61.07149999999999,0.5271169776404385
1246,39.4474,39.433899999999994,0.7570383276189896
1247,64.9405,64.9574,0.5821763260483965
1248,24.537,24.529200000000003,0.870632959988114
1249,38.9062,38.876000000000005,0.7543509234058379
1250,24.13,24.111700000000003,0.8261903594918941
1251,61.578800000000015,61.601,0.6081739933661618
1252,73.40380000000002,73.48330000000001,0.18589824589947357
1253,52.3629,52.39309999999999,0.5868751673341361
1254,62.12479999999999,62.12670000000001,0.9773604701949474
1255,84.1174,83.8877,0.1296631796598912
1256,72.90400000000001,72.66199999999999,0.008164591433723764
1257,24.0548,24.267899999999997,0.0047426164413021145
1258,24.5239,24.6044,0.3914620690492695
1259,39.5946,39.3057,0.031211271908102908
1260,72.14699999999999,72.2086,0.33229831410857025
1261,24.457600000000003,24.353,0.1325955470376249
1262,51.9457,51.74929999999999,0.22799550749388742
1263,71.32000000000001,71.3394,0.8581135258541962
1264,61.98219999999999,61.886900000000004,0.16003143975124698
1265,73.33449999999999,73.2982,0.41479075578337565
1266,50.363600000000005,50.183,0.3026336012750787
1267,84.08520000000001,84.1759,0.7056484442102314
1268,61.818,61.625099999999996,0.4016983787249677
1269,53.1322,53.15559999999999,0.9466159991101946
1270,50.8457,50.9126,0.18338590864539622
1271,49.7922,49.8644,0.6760935143469947
1272,82.82070000000002,82.86179999999999,0.5301188737648801
1273,62.531000000000006,62.50170000000001,0.890536401451541
1274,72.9906,73.01879999999998,0.6144710316545023
1275,80.9003,80.71369999999999,0.06347452906009327
1276,73.27940000000001,73.2536,0.7824231152191873
1277,40.1034,39.86409999999999,0.1578731468036366
1278,39.7125,39.622299999999996,0.594752326267691
1279,50.837,50.84589999999999,0.8546228854286502
1280,39.4384,39.5621,0.5411725481901088
1281,39.96840000000001,39.932900000000004,0.913349343322964
1282,24.428900000000002,24.325899999999997,0.3100069997413023
1283,50.768600000000006,50.73180000000001,0.36613828902599277
1284,84.04169999999999,83.9331,0.6755162662425326
1285,90.52850000000001,90.8048,0.21736897602917915
1286,70.9478,71.0024,0.5745841350884824
1287,40.4647,40.3899,0.48599467140427355
1288,79.20479999999999,79.09670000000001,0.02088372097080706
1289,52.664699999999996,52.7111,0.41766140027136267
1290,23.901400000000002,23.857799999999997,0.038016135432963435
1291,83.32300000000001,83.30170000000001,0.7628848755090112
1292,50.7187,50.9089,0.10039201525466732
1293,79.76230000000001,79.763,0.9848622131574738
1294,61.9511,61.98470000000001,0.5954236862102746
1295,70.5849,70.8113,0.037342673150602655
1296,39.2034,38.826299999999996,0.04714743183246771
1297,56.2904,56.15580000000001,0.06625182897832689
1298,39.637899999999995,39.4548,0.17948607594800622
1299,24.1349,24.2561,0.04095131603853396
1300,61.242200000000004,61.3347,0.23935610687597286
1301,39.50150000000001,39.4661,0.7397350580523595
1302,73.01689999999999,72.98499999999999,0.6484773792599101
1303,56.38320000000001,56.37570000000001,0.9232455586132254
1304,50.0719,50.0995,0.5218957203773684
1305,72.793,72.7854,0.895497583116694
1306,72.978,72.92280000000001,0.18894332138910075
1307,38.064099999999996,38.0441,0.6687576365264766
1308,37.168400000000005,37.1935,0.5445088046491762
1309,52.9874,53.1148,0.7505641108653244
1310,73.0734,73.02250000000001,0.22802160272942973
1311,52.632799999999996,52.644499999999994,0.9094717485136274
1312,82.78759999999998,82.7524,0.6754019882536952
1313,37.28929999999999,37.3044,0.5895223404386039
1314,72.7713,72.71950000000001,0.23425655590813113
1315,82.5143,82.42859999999999,0.0024824536591774517
1316,51.52220000000001,51.4567,0.022111406423196724
1317,82.2002,82.22460000000001,0.5759923888839336
1318,72.45559999999999,72.41980000000001,0.3496611985147767
1319,40.20550000000001,40.2228,0.5628937955422513
1320,72.0703,72.20840000000001,0.09159567925053085
1321,39.80820000000001,39.849900000000005,0.6001089331780157
1322,38.6014,38.6383,0.37001432973858905
1323,72.71260000000001,72.69149999999999,0.8233842306834128
1324,37.1581,37.19879999999999,0.6406852773778228
1325,70.1581,70.12339999999999,0.14664579709142772
1326,39.293,39.3089,0.865774064719258
1327,26.3273,26.3889,0.5835483393642611
1328,83.4526,83.4142,0.3295082149060492
1329,41.9769,41.710899999999995,0.010629575194931934
1330,51.83630000000001,51.8995,0.5378853762965854
1331,52.5018,52.4072,0.22683384405184961
1332,53.248599999999996,52.988800000000005,0.07353959043217324
1333,71.85310000000001,71.7394,0.25513024044396565
1334,51.42930000000001,51.36030000000001,0.7157098035212521
1335,90.8643,91.1208,0.11485885587771592
1336,73.40719999999999,73.4783,0.23204001915748526
1337,37.777499999999996,37.6802,0.3223192463234066
1338,51.229200000000006,51.4507,0.38528821756720044
1339,51.788799999999995,51.7119,0.5161873095296208
1340,52.65110000000001,52.5789,0.25147468592857547
1341,72.8356,72.8683,0.33844047951117595
1342,39.62740000000001,39.653200000000005,0.5201441061685753
1343,39.9645,39.9216,0.598544768802577
1344,72.51109999999998,72.62219999999999,0.04530801822581722
1345,37.8144,37.8361,0.6812993224169773
1346,51.0969,51.014100000000006,0.5791201622179166
1347,65.1624,65.1727,0.8386801388615118
1348,66.1518,66.2769,0.0034701051845626688
1349,51.4772,51.420899999999996,0.7463119847943506
1350,39.9572,40.060500000000005,0.0807550021166937
1351,72.5995,72.78780000000002,0.029090020690962292
1352,37.1779,37.203399999999995,0.7523305400452786
1353,39.5227,39.639,0.37770741968981536
1354,83.7937,83.6704,0.252653666395541
1355,50.78380000000001,50.7174,0.0012407893033671402
1356,69.8668,69.82949999999998,0.3463016866836317
1357,52.46509999999999,52.272000000000006,0.06412203038584267
1358,65.18430000000001,65.2219,0.686735357441556
1359,51.345600000000005,51.604,0.018347517074699848
1360,40.4226,40.399300000000004,0.9212084924937078
1361,70.8839,71.0355,0.1395574424397974
1362,41.149300000000004,40.921299999999995,0.2121927734027004
1363,61.1395,61.235699999999994,0.2032456490250385
1364,39.4918,39.4682,0.6272482631359304
1365,64.93879999999999,64.9428,0.8855509948464129
1366,24.5238,24.4514,0.20352328563020625
1367,38.83540000000001,38.7672,0.5491287802677396
1368,24.194499999999998,24.1441,0.5716049577338567
1369,61.655899999999995,61.5684,0.03179910969900441
1370,73.48890000000002,73.4418,0.5024137606658955
1371,52.3325,52.3038,0.5554443263225872
1372,62.0797,62.011,0.25226916247679293
1373,83.95450000000001,83.9749,0.9038934315619318
1374,72.5439,72.8044,0.00948701934613436
1375,24.2178,24.029199999999996,0.0020241033757701222
1376,24.437900000000003,24.4685,0.8115722599501956
1377,39.445499999999996,39.4619,0.8993907918803283
1378,72.1849,72.1336,0.46309593905030044
1379,24.2688,24.437199999999997,0.07570958999893747
1380,51.69970000000001,51.6827,0.89228243176296
1381,71.6806,71.0937,0.0001434515847670409
1382,61.922100000000015,61.77109999999999,0.02657051034090339
1383,73.3022,73.2748,0.48841525617074444
1384,50.313599999999994,50.365300000000005,0.45489328610080304
1385,84.11179999999999,84.0251,0.6107789718155584
1386,61.3553,61.89020000000001,0.02037926612485076
1387,52.3797,52.427800000000005,0.8459096817429873
1388,50.899800000000006,50.8977,0.9605156508332549
1389,49.718,49.8704,0.36107624236539737
1390,82.8652,82.78719999999998,0.4020761795876563
1391,62.732000000000006,62.66139999999999,0.6257849326807414
1392,72.85139999999998,73.00489999999999,0.01819545967318196
1393,80.7751,80.82860000000001,0.49822762416577127
1394,73.3506,73.4017,0.5241527312658611
1395,39.8282,39.621,0.0658994986251026
1396,39.53680000000001,39.7495,0.10613569775529812
1397,50.7753,50.90520000000001,7.816049847979104e-05
1398,39.3719,39.8695,0.0013344024560242162
1399,39.6556,40.652699999999996,0.001336787570545926
1400,24.451900000000002,24.1354,0.00010303794073063094
1401,50.744800000000005,50.8183,0.0425483619163308
1402,84.2644,84.17479999999999,0.5940013151389041
1403,90.406,90.60529999999999,0.24422281817075536
1404,70.8435,70.975,0.16125173300112336
1405,40.3517,40.3806,0.799332759950762
1406,79.08790000000002,79.1191,0.3882376669692291
1407,52.5065,52.473,0.7502955564090455
1408,23.889499999999998,23.8839,0.8190837617979252
1409,83.3364,83.2516,0.21438497130766393
1410,50.7047,50.8716,0.25388147933608385
1411,79.7381,79.7125,0.4845463016226421
1412,61.953100000000006,61.87570000000001,0.11507981730816046
1413,70.661,70.8208,0.27218702445217025
1414,38.908899999999996,39.537600000000005,0.000578388477382833
1415,56.201499999999996,56.1404,0.26079540664594675
1416,39.589800000000004,39.5105,0.4997251499959997
1417,24.2172,24.081799999999998,0.016561672040462928
1418,61.29200000000001,61.2956,0.9668513769662237
1419,39.4322,39.50939999999999,0.4385628211618241
1420,72.9188,72.96010000000001,0.45258804535455177
1421,56.371399999999994,56.462599999999995,0.301440332295026
1422,50.0515,50.1566,0.049492349895392196
1423,72.78899999999999,72.80120000000001,0.8746184710081684
1424,72.9322,72.86350000000002,0.037604973452971736
1425,38.030199999999994,38.079600000000006,0.18820056899954912
1426,37.1791,37.168699999999994,0.7143282082632086
1427,52.9942,53.6403,0.0450708831440484
1428,73.08970000000001,73.104,0.6902828621542464
1429,52.5318,52.5663,0.42782637324682493
1430,82.92380000000001,82.6239,0.0017735567277960727
1431,37.3203,37.2173,0.004317589101394035
1432,72.7587,72.81610000000002,0.14074323099473543
1433,82.5318,82.47940000000001,0.04469107853292009
1434,51.536699999999996,51.552499999999995,0.5477748324925522
1435,82.1964,82.26159999999999,0.012224229645060298
1436,72.42159999999998,72.49159999999999,0.04678198342727302
1437,40.1839,40.1828,0.9668880496425406
1438,72.1301,72.15849999999999,0.7347851805213157
1439,39.8302,39.77590000000001,0.1792119222477719
1440,38.626799999999996,38.6328,0.8782655428447972
1441,72.7523,72.5584,0.05413608670974057
1442,37.128,37.238099999999996,0.2863660344658019
1443,70.08689999999999,70.1541,0.0041754105172383945
1444,39.333,39.1677,0.12131757911803524
1445,26.3311,26.677699999999998,0.03417912748419817
