resid,resname,contacts
1,LEU,83.137
2,ARG,92.829
3,PRO,51.748
4,LEU,73.349
5,TYR,70.496
6,MET,62.453
7,ASP,40.972
8,VAL,62.301
9,GLN,62.743
10,ALA,37.49
11,THR,53.327
12,THR,52.745
13,PRO,50.805
14,LEU,72.919
15,ASP,41.179
16,PRO,51.104
17,ARG,92.295
18,VAL,61.455
19,LEU,72.419
20,ASP,41.621
21,ALA,36.849
22,MET,62.514
23,LEU,72.3
24,PRO,51.409
25,TYR,69.913
26,LEU,72.264
27,ILE,72.316
28,ASN,49.95
29,TYR,70.208
30,TYR,70.571
31,GLY,23.999
32,ASN,49.388
33,PRO,51.102
34,HIE,56.407
35,SER,38.538
36,ARG,91.024
37,THR,51.497
38,HIE,56.72
39,ALA,37.476
40,TYR,71.43
41,GLY,24.437
42,TRP,79.981
43,GLU,51.707
44,SER,39.591
45,GLU,51.364
46,ALA,37.219
47,ALA,37.17
48,MET,62.673
49,GLU,51.175
50,ARG,89.711
51,ALA,37.416
52,ARG,93.178
53,GLN,61.52
54,GLN,60.365
55,VAL,61.146
56,ALA,37.552
57,SER,39.784
58,LEU,72.033
59,ILE,72.486
60,GLY,24.131
61,ALA,37.321
62,ASP,40.56
63,PRO,50.803
64,ARG,91.434
65,GLU,52.61
66,ILE,72.544
67,ILE,73.494
68,PHE,65.345
69,THR,52.577
70,SER,41.253
71,GLY,24.018
72,ALA,37.734
73,THR,52.641
74,GLU,54.355
75,SER,39.809
76,ASN,50.694
77,ASN,51.838
78,ILE,72.452
79,ALA,37.488
80,ILE,72.579
81,LYS,82.945
82,GLY,24.663
83,VAL,61.128
84,ALA,36.942
85,ARG,90.521
86,PHE,64.99
87,TYR,70.474
88,ARG,91.024
89,SER,38.684
90,ARG,91.146
91,LYS,82.207
92,LYS,83.608
93,HIE,58.361
94,LEU,72.731
95,ILE,72.821
96,THR,53.093
97,THR,52.237
98,GLN,60.651
99,THR,52.266
100,GLU,53.644
101,HIE,56.744
102,LYS,83.22
103,CYS,37.463
104,VAL,61.932
105,LEU,72.719
106,ASP,41.494
107,SER,39.639
108,CYS,36.756
109,ARG,90.852
110,SER,39.999
111,LEU,72.533
112,GLU,51.184
113,ALA,36.928
114,GLU,51.672
115,GLY,23.998
116,PHE,65.124
117,GLN,61.003
118,VAL,61.133
119,THR,52.353
120,TYR,70.293
121,LEU,72.914
122,PRO,50.89
123,VAL,61.247
124,GLN,61.304
125,LYS,82.385
126,SER,38.74
127,GLY,24.94
128,ILE,72.717
129,ILE,72.538
130,ASP,40.015
131,LEU,72.41
132,LYS,83.179
133,GLU,50.494
134,LEU,72.503
135,GLU,51.328
136,ALA,37.049
137,ALA,37.535
138,ILE,72.828
139,GLN,61.428
140,PRO,50.804
141,ASP,39.66
142,THR,52.809
143,SER,40.546
144,LEU,72.362
145,VAL,61.93
146,SER,40.05
147,VAL,61.856
148,MET,63.119
149,THR,52.759
150,VAL,61.009
151,ASN,51.238
152,ASN,49.032
153,GLU,51.29
154,ILE,72.802
155,GLY,24.705
156,VAL,61.987
157,LYS,82.796
158,GLN,61.113
159,PRO,51.233
160,ILE,73.891
161,ALA,36.933
162,GLU,50.968
163,ILE,73.538
164,GLY,25.817
165,ARG,91.207
166,ILE,72.737
167,CYS,37.731
168,SER,40.205
169,SER,39.355
170,ARG,90.943
171,LYS,82.591
172,VAL,61.255
173,TYR,70.208
174,PHE,66.28
175,HIE,57.962
176,THR,53.229
177,ASP,41.213
178,ALA,38.719
179,ALA,37.981
180,GLN,60.797
181,ALA,37.81
182,VAL,62.149
183,GLY,24.189
184,LYS,83.085
185,ILE,72.683
186,PRO,50.835
187,LEU,72.035
188,ASP,39.747
189,VAL,61.768
190,ASN,49.512
191,ASP,39.521
192,MET,62.146
193,LYS,83.236
194,ILE,73.295
195,ASP,39.938
196,LEU,72.173
197,MET,63.085
198,SER,40.417
199,ILE,72.526
200,SER,39.053
201,GLY,24.893
202,HIE,56.841
204,ILE,71.007
205,TYR,70.478
206,GLY,23.872
207,PRO,50.694
208,LYS,82.748
209,GLY,24.181
210,VAL,61.907
211,GLY,25.023
212,ALA,38.17
213,ILE,73.78
214,TYR,71.55
215,ILE,72.825
216,ARG,90.815
217,ARG,91.541
218,ARG,91.135
219,PRO,51.021
220,ARG,91.952
221,VAL,61.127
222,ARG,90.327
223,VAL,61.134
224,GLU,50.663
225,ALA,37.046
226,LEU,72.146
227,GLN,61.936
228,SER,40.788
229,GLY,24.092
230,GLY,24.296
231,GLY,24.054
232,GLN,61.604
233,GLU,52.209
234,ARG,91.189
235,GLY,24.075
236,MET,62.379
237,ARG,91.974
238,SER,39.739
239,GLY,24.409
240,THR,51.443
241,VAL,60.738
242,PRO,51.475
243,THR,52.053
244,PRO,50.849
245,LEU,72.714
246,VAL,61.687
247,VAL,62.102
248,GLY,24.648
249,LEU,73.083
250,GLY,24.778
251,ALA,38.013
252,ALA,37.543
253,CYS,36.813
254,GLU,50.733
255,VAL,62.221
256,ALA,37.388
257,GLN,60.424
258,GLN,61.602
259,GLU,54.311
260,MET,62.668
261,GLU,50.93
262,TYR,70.99
263,ASP,40.915
264,HIE,56.723
265,LYS,82.905
266,ARG,91.145
267,ILE,73.385
268,SER,38.977
269,LYS,82.815
270,LEU,72.48
271,SER,40.436
272,GLU,50.771
273,ARG,91.188
274,LEU,72.683
275,ILE,73.114
276,GLN,60.539
277,ASN,50.075
278,ILE,72.792
279,MET,62.178
280,LYS,82.391
281,SER,39.638
282,LEU,72.024
283,PRO,51.623
284,ASP,40.225
285,VAL,60.967
286,VAL,62.172
287,MET,62.019
288,ASN,50.032
289,GLY,23.896
290,ASP,41.072
291,PRO,50.624
292,LYS,83.838
293,HIE,57.901
294,HIE,56.474
295,TYR,70.494
296,PRO,51.039
297,GLY,24.329
298,CYS,36.422
299,ILE,72.904
300,ASN,50.438
301,LEU,72.778
302,SER,40.575
303,PHE,65.595
304,ALA,37.782
305,TYR,71.768
306,VAL,61.015
307,GLU,50.714
308,GLY,25.217
309,GLU,50.953
310,SER,40.013
311,LEU,72.62
312,LEU,72.729
313,MET,62.007
314,ALA,37.336
315,LEU,72.739
316,LYS,83.293
317,ASP,40.246
318,VAL,61.131
319,ALA,38.191
320,LEU,72.649
321,SER,39.074
322,SER,39.326
323,GLY,24.038
324,SER,39.125
325,ALA,37.051
326,CYS,36.322
327,THR,51.653
328,SER,39.281
329,ALA,36.964
330,SER,38.976
331,LEU,72.348
332,GLU,50.548
333,PRO,50.784
334,SER,39.398
335,TYR,71.169
336,VAL,61.256
337,LEU,72.722
338,ARG,90.359
339,ALA,37.211
340,ILE,72.385
341,GLY,23.986
342,THR,52.427
343,ASP,39.872
344,GLU,51.615
345,ASP,39.913
346,LEU,72.645
347,ALA,37.947
348,HIE,56.975
349,SER,39.726
350,SER,39.653
351,ILE,72.664
352,ARG,91.742
353,PHE,66.149
354,GLY,24.509
355,ILE,72.421
356,GLY,24.49
357,ARG,91.336
358,PHE,65.246
359,THR,52.455
360,THR,52.977
361,GLU,52.585
362,GLU,50.326
363,GLU,53.31
364,VAL,61.413
365,ASP,40.807
366,TYR,70.177
367,THR,53.232
368,VAL,61.898
369,GLU,50.57
370,LYS,83.077
371,CYS,37.266
372,ILE,72.718
373,GLN,60.588
374,HIE,56.894
375,VAL,61.327
376,LYS,82.671
377,ARG,90.146
378,LEU,72.436
379,ARG,91.667
380,GLU,51.593
381,MET,62.672
382,SER,39.977
383,PRO,50.842
384,LEU,72.101
385,TRP,79.64
386,GLU,52.263
387,MET,62.183
388,VAL,61.567
389,GLN,60.661
390,ASP,39.442
391,GLY,23.851
392,ILE,72.562
393,ASP,40.421
394,LEU,72.228
395,LYS,83.145
396,SER,39.797
397,ILE,72.218
398,LYS,82.28
399,TRP,79.291
400,THR,52.077
401,GLN,60.735
402,HIE,58.304
403,SER,49.573
404,ARG,90.226
405,ALA,37.112
406,GLN,60.675
407,VAL,61.603
408,LEU,72.58
409,ALA,37.139
410,LEU,72.773
411,TYR,70.608
412,ARG,89.841
413,ALA,37.448
414,MET,63.672
415,LEU,72.404
416,ARG,90.215
417,GLU,51.918
418,SER,39.992
419,LYS,82.091
420,ARG,90.934
421,PHE,65.303
422,SER,38.767
423,ALA,37.373
424,TYR,72.012
425,ASN,49.435
426,TYR,71.298
427,ARG,91.413
428,THR,53.255
429,TYR,71.409
430,ALA,37.58
431,VAL,61.233
432,ARG,91.24
433,ARG,92.354
434,ILE,72.533
435,ARG,90.705
436,ASP,41.645
437,ALA,37.271
438,PHE,65.084
439,ARG,90.436
440,GLU,50.928
441,ASN,49.189
442,LYS,82.664
443,ASN,49.177
444,VAL,61.19
445,LYS,82.704
446,ASP,40.13
447,PRO,51.046
448,VAL,62.122
449,GLU,50.611
450,ILE,72.798
451,GLN,60.913
452,THR,52.864
453,LEU,72.656
454,VAL,61.768
455,ASN,49.572
456,LYS,83.402
457,ALA,37.877
458,LYS,82.358
459,ARG,90.745
460,ASP,41.218
461,LEU,73.096
462,GLY,24.082
463,VAL,61.47
464,ILE,73.01
465,ARG,90.513
466,ARG,91.673
467,GLN,60.962
468,VAL,61.682
469,HIE,56.435
470,ILE,72.705
471,GLY,24.577
472,GLN,60.548
473,LEU,72.345
474,TYR,71.339
475,SER,38.587
476,THR,51.683
477,ASP,40.808
478,LYS,83.023
479,LEU,72.956
480,ILE,73.17
481,ILE,72.713
482,GLU,51.445
483,ASN,51.108
484,TYR,80.727
485,HIE,56.632
486,LYS,82.318
487,LYS,83.277
488,VAL,61.239
489,VAL,62.074
490,ASP,40.368
491,HIE,56.412
492,TYR,70.486
493,GLU,50.99
494,ASN,49.517
495,PRO,50.685
496,ARG,91.684
497,ASN,50.07
498,VAL,60.879
499,GLY,24.403
500,SER,38.945
501,LEU,72.82
502,ASP,40.372
503,LYS,82.233
504,THR,52.44
505,SER,39.248
506,LYS,82.868
507,ASN,50.257
508,VAL,61.382
509,GLY,25.01
510,THR,52.127
511,GLY,25.101
512,LEU,72.171
513,VAL,61.718
514,GLY,24.568
515,ALA,36.868
516,PRO,50.727
517,ALA,37.116
518,CYS,36.532
519,GLY,24.358
520,ASP,40.301
521,VAL,62.226
522,MET,62.975
523,LYS,83.486
524,LEU,73.502
525,GLN,62.229
526,ILE,73.085
527,GLN,61.244
528,VAL,61.76
529,ASP,40.663
530,GLU,51.041
531,LYS,82.435
532,GLY,24.164
533,LYS,83.121
534,ILE,73.48
535,VAL,61.758
536,ASP,41.002
537,ALA,37.306
538,ARG,91.528
539,PHE,65.656
540,LYS,85.009
541,THR,52.708
542,PHE,65.587
543,GLY,24.63
544,CYS,37.677
545,GLY,24.514
546,SER,39.796
547,ALA,38.285
548,ILE,72.933
549,ALA,37.751
550,SER,39.91
551,SER,41.06
552,SER,39.9
553,LEU,72.779
554,ALA,37.355
555,THR,52.43
556,GLU,51.237
557,TRP,80.042
558,VAL,61.198
559,LYS,82.912
560,GLY,24.337
561,LYS,83.264
562,THR,53.045
563,VAL,61.777
564,GLU,52.336
565,GLU,51.248
566,ALA,37.281
567,LEU,72.063
568,THR,52.428
569,ILE,72.252
570,LYS,83.321
571,ASN,51.351
572,THR,51.592
573,ASP,40.094
574,ILE,72.49
575,ALA,37.637
576,LYS,82.305
577,GLU,51.252
578,LEU,72.306
579,CYS,36.068
580,LEU,72.165
581,PRO,50.803
582,PRO,51.448
583,VAL,61.416
584,LYS,83.974
585,LEU,73.53
586,HIE,56.634
587,CYS,36.797
588,SER,39.48
589,ILE,73.166
590,LEU,72.145
591,ALA,36.913
592,GLU,52.723
593,ASP,40.638
594,ALA,37.202
595,ILE,72.506
596,LYS,83.805
597,ALA,37.623
598,ALA,37.321
599,LEU,72.532
600,ALA,37.278
601,ASP,40.686
602,TYR,70.136
603,LYS,82.797
604,LEU,72.285
605,LYS,83.495
606,GLN,62.636
607,LEU,83.911
608,ARG,92.121
609,PRO,51.646
610,LEU,73.613
611,TYR,70.562
612,MET,62.65
613,ASP,40.45
614,VAL,61.404
615,GLN,61.505
616,ALA,37.032
617,THR,53.337
618,THR,52.744
619,PRO,50.785
620,LEU,72.906
621,ASP,41.681
622,PRO,51.094
623,ARG,93.144
624,VAL,61.335
625,LEU,72.377
626,ASP,41.799
627,ALA,36.861
628,MET,62.337
629,LEU,72.322
630,PRO,51.617
631,TYR,70.023
632,LEU,72.19
633,ILE,72.216
634,ASN,50.204
635,TYR,70.407
636,TYR,70.201
637,GLY,24.138
638,ASN,49.846
639,PRO,51.016
640,HIE,56.742
641,SER,39.139
642,ARG,90.421
643,THR,52.004
644,HIE,56.486
645,ALA,37.539
646,TYR,71.57
647,GLY,24.315
648,TRP,79.714
649,GLU,51.771
650,SER,39.38
651,GLU,50.902
652,ALA,37.156
653,ALA,37.267
654,MET,62.432
655,GLU,51.045
656,ARG,90.197
657,ALA,37.408
658,ARG,93.203
659,GLN,61.491
660,GLN,60.532
661,VAL,61.051
662,ALA,37.546
663,SER,39.73
664,LEU,72.031
665,ILE,72.422
666,GLY,24.029
667,ALA,37.279
668,ASP,40.789
669,PRO,50.781
670,ARG,92.254
671,GLU,51.859
672,ILE,72.304
673,ILE,72.901
674,PHE,65.522
675,THR,52.81
676,SER,41.07
677,GLY,24.264
678,ALA,37.787
679,THR,52.53
680,GLU,54.084
681,SER,39.957
682,ASN,50.991
683,ASN,52.203
684,ILE,72.629
685,ALA,37.38
686,ILE,72.802
687,LYS,83.031
688,GLY,24.504
689,VAL,61.033
690,ALA,37.051
691,ARG,91.184
692,PHE,64.943
693,TYR,70.377
694,ARG,91.422
695,SER,39.148
696,ARG,90.497
697,LYS,82.847
698,LYS,83.457
699,HIE,58.638
700,LEU,72.511
701,ILE,72.788
702,THR,53.223
703,THR,52.572
704,GLN,60.696
705,THR,52.603
706,GLU,54.239
707,HIE,56.888
708,LYS,83.802
709,CYS,37.669
710,VAL,62.07
711,LEU,72.576
712,ASP,40.951
713,SER,39.662
714,CYS,36.871
715,ARG,90.529
716,SER,39.821
717,LEU,72.387
718,GLU,50.826
719,ALA,36.903
720,GLU,51.959
721,GLY,24.107
722,PHE,65.298
723,GLN,60.608
724,VAL,61.045
725,THR,52.772
726,TYR,70.493
727,LEU,72.971
728,PRO,50.9
729,VAL,61.268
730,GLN,61.406
731,LYS,82.428
732,SER,38.854
733,GLY,25.027
734,ILE,72.708
735,ILE,72.694
736,ASP,40.136
737,LEU,72.397
738,LYS,83.254
739,GLU,50.608
740,LEU,72.155
741,GLU,50.929
742,ALA,36.979
743,ALA,37.103
744,ILE,72.341
745,GLN,61.056
746,PRO,51.068
747,ASP,40.048
748,THR,52.694
749,SER,40.654
750,LEU,72.304
751,VAL,61.988
752,SER,40.108
753,VAL,61.833
754,MET,62.997
755,THR,54.078
756,VAL,61.104
757,ASN,51.832
758,ASN,49.261
759,GLU,51.414
760,ILE,72.665
761,GLY,24.862
762,VAL,62.082
763,LYS,82.959
764,GLN,61.078
765,PRO,51.243
766,ILE,73.998
767,ALA,36.962
768,GLU,50.78
769,ILE,73.581
770,GLY,25.701
771,ARG,90.978
772,ILE,72.627
773,CYS,37.723
774,SER,40.246
775,SER,39.386
776,ARG,90.571
777,LYS,82.497
778,VAL,61.195
779,TYR,70.433
780,PHE,66.408
781,HIE,58.185
782,THR,52.361
783,ASP,41.285
784,ALA,38.743
785,ALA,37.836
786,GLN,60.508
787,ALA,37.845
788,VAL,62.398
789,GLY,24.389
790,LYS,83.485
791,ILE,72.707
792,PRO,50.8
793,LEU,72.056
794,ASP,39.821
795,VAL,61.593
796,ASN,49.71
797,ASP,39.462
798,MET,62.212
799,LYS,82.855
800,ILE,73.188
801,ASP,40.59
802,LEU,72.257
803,MET,62.747
804,SER,40.1
805,ILE,72.344
806,SER,38.736
807,GLY,24.952
808,HIE,56.874
810,ILE,71.076
811,TYR,70.951
812,GLY,23.826
813,PRO,50.695
814,LYS,83.263
815,GLY,23.788
816,VAL,61.698
817,GLY,25.02
818,ALA,37.737
819,ILE,73.152
820,TYR,71.476
821,ILE,72.586
822,ARG,91.656
823,ARG,91.858
824,ARG,90.558
825,PRO,50.929
826,ARG,91.606
827,VAL,61.254
828,ARG,90.095
829,VAL,61.169
830,GLU,50.595
831,ALA,37.148
832,LEU,72.592
833,GLN,62.355
834,SER,40.597
835,GLY,24.072
836,GLY,24.117
837,GLY,23.903
838,GLN,61.164
839,GLU,52.495
840,ARG,89.936
841,GLY,24.41
842,MET,62.534
843,ARG,92.14
844,SER,40.767
845,GLY,24.313
846,THR,52.138
847,VAL,61.115
848,PRO,51.404
849,THR,51.895
850,PRO,50.775
851,LEU,72.528
852,VAL,61.776
853,VAL,61.779
854,GLY,24.316
855,LEU,72.997
856,GLY,24.605
857,ALA,37.939
858,ALA,37.548
859,CYS,36.964
860,GLU,50.789
861,VAL,61.889
862,ALA,37.29
863,GLN,60.323
864,GLN,60.692
865,GLU,53.455
866,MET,62.34
867,GLU,50.993
868,TYR,70.823
869,ASP,42.76
870,HIE,57.525
871,LYS,82.911
872,ARG,91.48
873,ILE,73.683
874,SER,39.618
875,LYS,82.832
876,LEU,72.663
877,SER,40.019
878,GLU,50.67
879,ARG,91.182
880,LEU,72.582
881,ILE,73.224
882,GLN,60.899
883,ASN,50.069
884,ILE,72.76
885,MET,62.517
886,LYS,82.347
887,SER,39.608
888,LEU,72.279
889,PRO,51.592
890,ASP,39.985
891,VAL,60.929
892,VAL,62.055
893,MET,61.97
894,ASN,50.254
895,GLY,23.874
896,ASP,40.405
897,PRO,50.583
898,LYS,83.336
899,HIE,57.628
900,HIE,56.38
901,TYR,71.131
902,PRO,50.902
903,GLY,24.439
904,CYS,36.369
905,ILE,73.024
906,ASN,50.938
907,LEU,72.8
908,SER,40.927
909,PHE,65.078
910,ALA,37.844
911,TYR,71.679
912,VAL,61.467
913,GLU,50.694
914,GLY,25.121
915,GLU,50.918
916,SER,40.286
917,LEU,72.588
918,LEU,72.767
919,MET,62.07
920,ALA,37.225
921,LEU,72.59
922,LYS,83.289
923,ASP,41.933
924,VAL,61.136
925,ALA,38.301
926,LEU,72.403
927,SER,39.158
928,SER,38.444
929,GLY,24.1
930,SER,40.485
931,ALA,37.085
932,CYS,36.622
933,THR,51.722
934,SER,38.751
935,ALA,37.119
936,SER,39.336
937,LEU,72.366
938,GLU,51.687
939,PRO,50.887
940,SER,39.217
941,TYR,71.384
942,VAL,61.194
943,LEU,72.867
944,ARG,90.531
945,ALA,37.086
946,ILE,72.402
947,GLY,23.988
948,THR,52.239
949,ASP,40.312
950,GLU,51.917
951,ASP,40.132
952,LEU,73.09
953,ALA,38.357
954,HIE,57.025
955,SER,39.606
956,SER,39.401
957,ILE,72.704
958,ARG,91.674
959,PHE,66.056
960,GLY,24.374
961,ILE,72.333
962,GLY,24.244
963,ARG,91.903
964,PHE,65.074
965,THR,51.969
966,THR,54.72
967,GLU,52.618
968,GLU,51.696
969,GLU,52.861
970,VAL,61.292
971,ASP,40.247
972,TYR,71.089
973,THR,53.407
974,VAL,61.576
975,GLU,50.278
976,LYS,83.081
977,CYS,37.113
978,ILE,72.743
979,GLN,60.406
980,HIE,56.618
981,VAL,61.529
982,LYS,82.331
983,ARG,90.294
984,LEU,72.682
985,ARG,91.263
986,GLU,50.582
987,MET,62.488
988,SER,39.492
989,PRO,50.986
990,LEU,72.038
991,TRP,79.22
992,GLU,52.926
993,MET,63.437
994,VAL,61.912
995,GLN,61.185
996,ASP,39.587
997,GLY,24.043
998,ILE,72.238
999,ASP,40.917
1000,LEU,72.531
1001,LYS,84.241
1002,SER,40.605
1003,ILE,72.304
1004,LYS,82.701
1005,TRP,80.016
1006,THR,52.162
1007,GLN,60.465
1008,HIE,58.546
1009,SER,49.246
1010,ARG,90.236
1011,ALA,37.164
1012,GLN,60.264
1013,VAL,61.888
1014,LEU,72.533
1015,ALA,36.958
1016,LEU,72.648
1017,TYR,70.888
1018,ARG,90.109
1019,ALA,37.233
1020,MET,63.706
1021,LEU,72.492
1022,ARG,90.238
1023,GLU,51.969
1024,SER,39.83
1025,LYS,82.164
1026,ARG,91.346
1027,PHE,65.37
1028,SER,38.774
1029,ALA,37.374
1030,TYR,71.521
1031,ASN,49.472
1032,TYR,71.167
1033,ARG,91.467
1034,THR,53.12
1035,TYR,71.127
1036,ALA,37.505
1037,VAL,61.264
1038,ARG,90.644
1039,ARG,91.711
1040,ILE,72.677
1041,ARG,90.528
1042,ASP,41.129
1043,ALA,37.366
1044,PHE,65.08
1045,ARG,91.046
1046,GLU,51.76
1047,ASN,49.502
1048,LYS,82.685
1049,ASN,49.831
1050,VAL,61.541
1051,LYS,82.758
1052,ASP,40.099
1053,PRO,50.949
1054,VAL,62.116
1055,GLU,50.715
1056,ILE,72.765
1057,GLN,60.921
1058,THR,52.826
1059,LEU,72.691
1060,VAL,61.721
1061,ASN,49.439
1062,LYS,83.617
1063,ALA,37.871
1064,LYS,82.4
1065,ARG,90.525
1066,ASP,41.44
1067,LEU,72.948
1068,GLY,24.011
1069,VAL,61.548
1070,ILE,73.128
1071,ARG,90.38
1072,ARG,91.805
1073,GLN,61.23
1074,VAL,61.781
1075,HIE,56.457
1076,ILE,72.624
1077,GLY,24.519
1078,GLN,60.614
1079,LEU,72.251
1080,TYR,71.599
1081,SER,38.718
1082,THR,52.009
1083,ASP,40.514
1084,LYS,83.515
1085,LEU,72.824
1086,ILE,73.026
1087,ILE,72.693
1088,GLU,51.33
1089,ASN,51.063
1090,TYR,80.749
1091,HIE,56.225
1092,LYS,83.226
1093,LYS,83.578
1094,VAL,61.451
1095,VAL,61.528
1096,ASP,39.883
1097,HIE,56.347
1098,TYR,70.794
1099,GLU,50.762
1100,ASN,48.803
1101,PRO,50.619
1102,ARG,90.488
1103,ASN,50.552
1104,VAL,60.86
1105,GLY,24.361
1106,SER,38.563
1107,LEU,72.745
1108,ASP,40.386
1109,LYS,82.772
1110,THR,52.78
1111,SER,39.064
1112,LYS,82.584
1113,ASN,50.021
1114,VAL,61.147
1115,GLY,24.978
1116,THR,52.261
1117,GLY,25.332
1118,LEU,72.018
1119,VAL,61.85
1120,GLY,24.003
1121,ALA,37.565
1122,PRO,50.88
1123,ALA,36.889
1124,CYS,36.219
1125,GLY,24.093
1126,ASP,40.119
1127,VAL,62.367
1128,MET,63.081
1129,LYS,83.818
1130,LEU,73.514
1131,GLN,62.43
1132,ILE,73.089
1133,GLN,61.151
1134,VAL,61.626
1135,ASP,40.735
1136,GLU,51.969
1137,LYS,82.863
1138,GLY,24.154
1139,LYS,83.744
1140,ILE,73.555
1141,VAL,61.671
1142,ASP,40.626
1143,ALA,37.396
1144,ARG,91.443
1145,PHE,65.801
1146,LYS,84.245
1147,THR,52.628
1148,PHE,66.645
1149,GLY,24.307
1150,CYS,36.373
1151,GLY,24.432
1152,SER,39.784
1153,ALA,38.099
1154,ILE,73.246
1155,ALA,37.898
1156,SER,39.968
1157,SER,41.837
1158,SER,40.088
1159,LEU,72.61
1160,ALA,37.351
1161,THR,52.894
1162,GLU,51.655
1163,TRP,79.902
1164,VAL,61.197
1165,LYS,83.114
1166,GLY,24.327
1167,LYS,83.219
1168,THR,53.127
1169,VAL,61.748
1170,GLU,52.465
1171,GLU,51.145
1172,ALA,37.2
1173,LEU,72.063
1174,THR,52.491
1175,ILE,72.039
1176,LYS,83.364
1177,ASN,50.968
1178,THR,51.633
1179,ASP,40.153
1180,ILE,72.517
1181,ALA,37.629
1182,LYS,82.488
1183,GLU,51.373
1184,LEU,72.234
1185,CYS,36.099
1186,LEU,72.14
1187,PRO,50.916
1188,PRO,50.928
1189,VAL,61.379
1190,LYS,84.027
1191,LEU,73.578
1192,HIE,56.74
1193,CYS,36.674
1194,SER,39.583
1195,ILE,73.106
1196,LEU,72.429
1197,ALA,36.938
1198,GLU,52.211
1199,ASP,40.768
1200,ALA,37.31
1201,ILE,72.336
1202,LYS,83.466
1203,ALA,37.532
1204,ALA,37.225
1205,LEU,72.358
1206,ALA,37.227
1207,ASP,40.129
1208,TYR,70.041
1209,LYS,82.899
1210,LEU,72.304
1211,LYS,82.383
1212,GLN,62.297
1213,LEU,83.517
1214,ASP,42.361
1215,GLU,51.749
1216,THR,52.59
1217,THR,53.555
1218,TYR,72.061
1219,GLU,51.369
1220,ARG,90.443
1221,LEU,73.313
1222,ALA,37.925
1223,GLU,51.063
1224,GLU,51.751
1225,THR,52.582
1226,LEU,72.732
1227,ASP,39.611
1228,SER,40.015
1229,LEU,72.651
1230,ALA,37.612
1231,GLU,50.478
1232,PHE,65.065
1233,PHE,66.295
1234,GLU,51.505
1235,ASP,39.951
1236,LEU,72.646
1237,ALA,37.103
1238,ASP,39.945
1239,LYS,83.896
1240,PRO,50.837
1241,TYR,69.785
1242,THR,52.518
1243,PHE,65.035
1244,GLU,51.496
1245,ASP,40.17
1246,TYR,70.948
1247,ASP,40.511
1248,VAL,60.955
1249,SER,39.262
1250,PHE,64.892
1251,GLY,24.495
1252,SER,38.494
1253,GLY,24.162
1254,VAL,61.653
1255,LEU,73.602
1256,THR,52.598
1257,VAL,61.989
1258,LYS,84.075
1259,LEU,72.832
1260,GLY,24.128
1261,GLY,24.4
1262,ASP,40.008
1263,LEU,72.197
1264,GLY,24.716
1265,THR,52.258
1266,TYR,71.752
1267,VAL,62.026
1268,ILE,73.376
1269,ASN,50.019
1270,LYS,84.043
1271,GLN,61.996
1272,THR,51.987
1273,PRO,50.884
1274,ASN,50.064
1275,LYS,83.075
1276,GLN,62.36
1277,ILE,73.074
1278,TRP,80.62
1279,LEU,73.212
1280,SER,40.437
1281,SER,39.323
1282,PRO,50.844
1283,SER,39.325
1284,SER,39.096
1285,GLY,24.414
1286,PRO,50.643
1287,LYS,83.678
1288,ARG,90.531
1289,TYR,71.155
1290,ASP,40.167
1291,TRP,79.017
1292,THR,52.767
1293,GLY,23.829
1294,LYS,83.005
1295,ASN,51.083
1296,TRP,79.814
1297,VAL,61.84
1298,TYR,70.467
1299,SER,38.797
1300,HIE,56.074
1301,ASP,39.533
1302,GLY,24.327
1303,VAL,61.236
1304,SER,39.718
1305,LEU,73.047
1306,HIE,56.566
1307,GLU,50.099
1308,LEU,72.855
1309,LEU,73.024
1310,ALA,38.058
1311,ALA,37.097
1312,GLU,52.6
1313,LEU,73.125
1314,THR,52.377
1315,LYS,82.772
1316,ALA,37.324
1317,LEU,72.708
1318,LYS,82.395
1319,THR,51.484
1320,LYS,82.213
1321,LEU,72.43
1322,ASP,40.215
1323,LEU,72.091
1324,SER,39.777
1325,SER,38.604
1326,LEU,72.81
1327,ALA,37.386
1328,TYR,70.205
1329,SER,39.326
1330,GLY,26.189
1331,LEU,83.443
1332,ASP,41.683
1333,GLU,51.749
1334,THR,52.099
1335,THR,53.009
1336,TYR,71.869
1337,GLU,50.768
1338,ARG,90.81
1339,LEU,73.44
1340,ALA,37.489
1341,GLU,51.425
1342,GLU,51.718
1343,THR,52.416
1344,LEU,72.745
1345,ASP,39.677
1346,SER,39.921
1347,LEU,72.587
1348,ALA,37.835
1349,GLU,51.105
1350,PHE,65.216
1351,PHE,66.302
1352,GLU,51.718
1353,ASP,40.213
1354,LEU,73.15
1355,ALA,37.348
1356,ASP,39.438
1357,LYS,83.626
1358,PRO,50.725
1359,TYR,69.819
1360,THR,52.134
1361,PHE,65.283
1362,GLU,51.297
1363,ASP,39.932
1364,TYR,70.723
1365,ASP,41.037
1366,VAL,61.411
1367,SER,39.438
1368,PHE,64.915
1369,GLY,24.448
1370,SER,38.863
1371,GLY,24.3
1372,VAL,61.686
1373,LEU,73.626
1374,THR,52.275
1375,VAL,61.851
1376,LYS,83.549
1377,LEU,72.713
1378,GLY,24.25
1379,GLY,24.05
1380,ASP,39.283
1381,LEU,72.57
1382,GLY,24.66
1383,THR,51.798
1384,TYR,71.638
1385,VAL,62.108
1386,ILE,73.311
1387,ASN,50.231
1388,LYS,83.859
1389,GLN,61.823
1390,THR,51.812
1391,PRO,50.931
1392,ASN,49.722
1393,LYS,83.181
1394,GLN,62.914
1395,ILE,72.841
1396,TRP,80.655
1397,LEU,73.074
1398,SER,39.514
1399,SER,38.905
1400,PRO,50.941
1401,SER,39.227
1402,SER,39.096
1403,GLY,23.975
1404,PRO,50.798
1405,LYS,83.368
1406,ARG,90.651
1407,TYR,71.018
1408,ASP,40.523
1409,TRP,79.095
1410,THR,52.5
1411,GLY,23.902
1412,LYS,83.473
1413,ASN,50.647
1414,TRP,79.678
1415,VAL,61.883
1416,TYR,70.521
1417,SER,39.524
1418,HIE,56.111
1419,ASP,39.645
1420,GLY,24.083
1421,VAL,61.207
1422,SER,39.446
1423,LEU,72.856
1424,HIE,56.506
1425,GLU,50.124
1426,LEU,72.757
1427,LEU,72.863
1428,ALA,38.099
1429,ALA,37.134
1430,GLU,51.857
1431,LEU,73.171
1432,THR,52.587
1433,LYS,82.867
1434,ALA,37.141
1435,LEU,72.943
1436,LYS,82.534
1437,THR,51.562
1438,LYS,82.244
1439,LEU,72.519
1440,ASP,40.232
1441,LEU,71.999
1442,SER,39.793
1443,SER,38.656
1444,LEU,72.621
1445,ALA,37.208
1446,TYR,70.233
1447,SER,39.356
1448,GLY,26.269
